{
  "format_version": "1.21.0",
  "minecraft:block": {
    "description": {
      "identifier": "betterend:crystal_moss",
      "menu_category": {
        "category": "nature"
      },
      "states": {
        "betterend:biomes": [
          "none",
          "crystal_mountains"
        ]
      }
    },
    "permutations": [
      {
        "condition": "q.block_state('betterend:biomes') == 'none'",
        "components": {
          "tag:none": {}
        }
      },
      {
        "condition": "q.block_state('betterend:biomes') == 'crystal_mountains'",
        "components": {
          "tag:crystal_mountains": {}
        }
      }
    ],
    "components": {
      "tag:grass": {},
      "minecraft:destructible_by_explosion": {
        "explosion_resistance": 0.5
      },
      "minecraft:destructible_by_mining": {
        "seconds_to_destroy": 1
      },
      "minecraft:flammable": false,
      "minecraft:map_color": "#00b5b8"
    }
  }
}