{
    "format_version": "1.21.0",
    "minecraft:weighted_random_feature": {
        "description": {
            "identifier": "betterend:blossoming_spire/tree/blossom_tree_weighted_random_feature"
        },
        "features": [
            ["betterend:blossoming_spire/tree/blossom_tree_1_structure_template_feature",  1],
            ["betterend:blossoming_spire/tree/blossom_tree_2_structure_template_feature", 1],
            ["betterend:blossoming_spire/tree/blossom_tree_3_structure_template_feature", 1],
            ["betterend:blossoming_spire/tree/blossom_tree_4_structure_template_feature", 1],
            ["betterend:blossoming_spire/tree/blossom_tree_5_structure_template_feature", 1], 
            ["betterend:blossoming_spire/tree/blossom_tree_6_structure_template_feature", 1]
        ]
    }
}