{
  "format_version": "1.21.0",
  "minecraft:scatter_feature": {
    "description": {
      "identifier": "betterend:blossoming_spire/tree/bulb_vine_scatter_feature"
    },
    "iterations": "return t.SizePlant;",
    "scatter_chance": 100.0,
    "x": {
      "extent": [ "-t.SizePlant", "t.SizePlant" ],
      "distribution": "gaussian"
    },
    "z": {
      "extent": [ "-t.SizePlant", "t.SizePlant" ],
      "distribution": "gaussian"
    },
    "y": 0,
    "project_input_to_floor": false,
    "places_feature": "betterend:blossoming_spire/tree/bulb_vine_snap_to_ceiling"
  }
}
