{
  "format_version": "1.21.0",
  "minecraft:growing_plant_feature": {
    "description": {
      "identifier": "betterend:blossoming_spire/tree/bulb_vine_up_feature"
    },
    "height_distribution": [
      [{ "range_min": 2, "range_max": 3 }, 1],
      [{ "range_min": 3, "range_max": 4 }, 2],
      [{ "range_min": 4, "range_max": 5 }, 2],
      [{ "range_min": 5, "range_max": 6 }, 3],
      [{ "range_min": 6, "range_max": 7 }, 3],
      [{ "range_min": 7, "range_max": 8 }, 4],
      [{ "range_min": 8, "range_max": 9 }, 4],
      [{ "range_min": 9, "range_max": 10 }, 5]
    ],
    "growth_direction": "DOWN",
    "age": {"range_min": 7, "range_max": 15},
    "body_blocks": [
      [
        {
          "name": "betterend:bulb_vine",
          "states": {
            "betterend:growth": 1
          }
        },
        1
      ]
    ],
    "head_blocks": [
      [
        {
          "name": "betterend:bulb_vine",
          "states": {
            "betterend:growth": 2
          }
        },
        1
      ]
    ],
    "allow_water": false
  }
}
