{
  "format_version": "1.21.0",
  "minecraft:single_block_feature": {
    "description": {
      "identifier": "betterend:blossoming_spire/tree/bulb_vine_lower_single_block_feature"
    },
    "places_block": {
      "name": "betterend:bulb_vine",
      "states": {
        "betterend:growth": 0
      }
    },
    "enforce_survivability_rules": true,
    "enforce_placement_rules": true,
    "may_replace": ["betterend:tenanea_outer_leaves"],
    "may_attach_to": {
      "top": [
        "betterend:tenanea_leaves"
      ]
    }
  }
}
