{
    "format_version": "1.21.50",
    "minecraft:block": {
        "description": {
            "identifier": "betterend:silk_moth_hive",
            "traits": {
                "minecraft:placement_direction": {
                    "enabled_states": [
                        "minecraft:cardinal_direction"
                    ],
                    "y_rotation_offset": 180
                }
            },
            "states": {
                "betterend:nest": [
                    0,
                    1
                ]
            }
        },
        "permutations": [
            {
                "condition": "q.block_state('minecraft:cardinal_direction') == 'north'",
                "components": {
                    "minecraft:transformation": {
                        "rotation": [
                            0,
                            0,
                            0
                        ]
                    }
                }
            },
            {
                "condition": "q.block_state('minecraft:cardinal_direction') == 'west'",
                "components": {
                    "minecraft:transformation": {
                        "rotation": [
                            0,
                            90,
                            0
                        ]
                    }
                }
            },
            {
                "condition": "q.block_state('minecraft:cardinal_direction') == 'south'",
                "components": {
                    "minecraft:transformation": {
                        "rotation": [
                            0,
                            180,
                            0
                        ]
                    }
                }
            },
            {
                "condition": "q.block_state('minecraft:cardinal_direction') == 'east'",
                "components": {
                    "minecraft:transformation": {
                        "rotation": [
                            0,
                            -90,
                            0
                        ]
                    }
                }
            },
            {
                "condition": "q.block_state('betterend:nest') == 0",
                "components": {
                    "tag:betterend:nest": {},
                    "minecraft:geometry": "geometry.silk_moth_hive"
                }
            },
            {
                "condition": "q.block_state('betterend:nest') == 1",
                "components": {
                    "tag:betterend:nest": {},
                    "minecraft:geometry": "geometry.silk_moth_hive_filled"
                }
            }
        ],
        "components": {
            "tag:wood": {},
            "minecraft:custom_components": [
                "betterend:nest"
            ],
            "minecraft:tick": {
                "interval_range": [
                    20, 40
                ],
                "looping": true
            },
            "minecraft:loot": "loot_tables/empty.json",
            "minecraft:material_instances": {
                "*": {
                    "texture": "silk_moth_hive",
                    "render_method": "alpha_test_single_sided",
                    "ambient_occlusion": true,
                    "face_dimming": true
                }
            },
            "minecraft:destructible_by_mining": {
                "seconds_to_destroy": 3
            },
            "minecraft:destructible_by_explosion": true,
            "minecraft:flammable": true
        }
    }
}