{
    "format_version": "1.20.80",
    "minecraft:block": {
        "description": {
            "identifier": "betterend:smaragdant_crystal_stairs",
            "menu_category": {
                "category": "construction",
                "group": "itemGroup.name.stairs"
            },
            "states": {
                "template:shape": [
                    "straight",
                    "inner_right",
                    "inner_left",
                    "outer_right",
                    "outer_left"
                ],
                "template:placed_bit": [
                    false,
                    true
                ]
            },
            "traits": {
                "minecraft:placement_position": {
                    "enabled_states": [
                        "minecraft:vertical_half"
                    ]
                },
                "minecraft:placement_direction": {
                    "enabled_states": [
                        "minecraft:cardinal_direction"
                    ]
                }
            }
        },
        "permutations": [
            {
                "condition": "query.block_state('minecraft:vertical_half')== 'bottom'",
                "components": {
                    "minecraft:collision_box": {
                        "origin": [
                            -7,
                            0,
                            -7
                        ],
                        "size": [
                            14,
                            8,
                            14
                        ]
                    },
                    "tag:custom_stairs_up": {}
                }
            },
            {
                "condition": "query.block_state('minecraft:vertical_half')== 'top'",
                "components": {
                    "minecraft:collision_box": {
                        "origin": [
                            -7,
                            8,
                            -7
                        ],
                        "size": [
                            14,
                            8,
                            14
                        ]
                    },
                    "tag:custom_stairs_down": {}
                }
            },
            {
                "condition": "query.block_state('template:shape') != 'straight'",
                "components": {
                    "tag:custom_stairs_shape": {}
                }
            },
            {
                "condition": "query.block_state('minecraft:cardinal_direction') == 'north'",
                "components": {
                    "tag:custom_stairs_north": {}
                }
            },
            {
                "condition": "query.block_state('minecraft:cardinal_direction') == 'south'",
                "components": {
                    "tag:custom_stairs_south": {}
                }
            },
            {
                "condition": "query.block_state('minecraft:cardinal_direction') == 'west'",
                "components": {
                    "tag:custom_stairs_west": {}
                }
            },
            {
                "condition": "query.block_state('minecraft:cardinal_direction') == 'east'",
                "components": {
                    "tag:custom_stairs_east": {}
                }
            }
        ],
        "components": {
            "minecraft:light_dampening": 0,
            "minecraft:map_color": "#591717",
            "minecraft:destructible_by_mining": {
                "seconds_to_destroy": 2
            },
            "minecraft:geometry": {
                "identifier": "geometry.stairs",
                "bone_visibility": {
                    "normaln": "(query.block_state('minecraft:cardinal_direction') == 'north' && (query.block_state('template:shape') == 'straight' && query.block_state('minecraft:vertical_half')== 'bottom')) || !query.block_state('template:placed_bit')",
                    "upsiden": "query.block_state('minecraft:cardinal_direction') == 'north' && (query.block_state('template:shape') == 'straight' && query.block_state('minecraft:vertical_half')== 'top') && query.block_state('template:placed_bit')",
                    "normals": "query.block_state('minecraft:cardinal_direction') == 'south' && (query.block_state('template:shape') == 'straight' && query.block_state('minecraft:vertical_half')== 'bottom') && query.block_state('template:placed_bit')",
                    "upsides": "query.block_state('minecraft:cardinal_direction') == 'south' && (query.block_state('template:shape') == 'straight' && query.block_state('minecraft:vertical_half')== 'top') && query.block_state('template:placed_bit')",
                    "normalw": "query.block_state('minecraft:cardinal_direction') == 'west' && (query.block_state('template:shape') == 'straight' && query.block_state('minecraft:vertical_half')== 'bottom') && query.block_state('template:placed_bit')",
                    "upsidew": "query.block_state('minecraft:cardinal_direction') == 'west' && (query.block_state('template:shape') == 'straight' && query.block_state('minecraft:vertical_half')== 'top') && query.block_state('template:placed_bit')",
                    "normale": "query.block_state('minecraft:cardinal_direction') == 'east' && (query.block_state('template:shape') == 'straight' && query.block_state('minecraft:vertical_half')== 'bottom') && query.block_state('template:placed_bit')",
                    "upsidee": "query.block_state('minecraft:cardinal_direction') == 'east' && (query.block_state('template:shape') == 'straight' && query.block_state('minecraft:vertical_half')== 'top') && query.block_state('template:placed_bit')",
                    "inner_right0": "(query.block_state('minecraft:cardinal_direction') == 'north' && (query.block_state('minecraft:vertical_half')== 'bottom' && query.block_state('template:shape') == 'inner_right')) || (query.block_state('minecraft:cardinal_direction') == 'east' && (query.block_state('minecraft:vertical_half')== 'bottom' && query.block_state('template:shape') == 'inner_left')) && query.block_state('template:placed_bit')",
                    "inner_left0": "(query.block_state('minecraft:cardinal_direction') == 'north' && (query.block_state('minecraft:vertical_half')== 'bottom' && query.block_state('template:shape') == 'inner_left')) || (query.block_state('minecraft:cardinal_direction') == 'west' && (query.block_state('minecraft:vertical_half')== 'bottom' && query.block_state('template:shape') == 'inner_right')) && query.block_state('template:placed_bit')",
                    "inner_right1": "(query.block_state('minecraft:cardinal_direction') == 'south' || query.block_state('minecraft:cardinal_direction') == 'east') && (query.block_state('minecraft:vertical_half')== 'bottom' && query.block_state('template:shape') == 'inner_right') && query.block_state('template:placed_bit')",
                    "inner_left1": "(query.block_state('minecraft:cardinal_direction') == 'south' || query.block_state('minecraft:cardinal_direction') == 'west') && (query.block_state('minecraft:vertical_half')== 'bottom' && query.block_state('template:shape') == 'inner_left') && query.block_state('template:placed_bit')",
                    "outer_right0": "(query.block_state('minecraft:cardinal_direction') == 'north' || query.block_state('minecraft:cardinal_direction') == 'west') && (query.block_state('minecraft:vertical_half')== 'bottom' && query.block_state('template:shape') == 'outer_right') && query.block_state('template:placed_bit')",
                    "outer_left0": "(query.block_state('minecraft:cardinal_direction') == 'north' || query.block_state('minecraft:cardinal_direction') == 'east') && (query.block_state('minecraft:vertical_half')== 'bottom' && query.block_state('template:shape') == 'outer_left') && query.block_state('template:placed_bit')",
                    "outer_right1": "(query.block_state('minecraft:cardinal_direction') == 'south' && (query.block_state('minecraft:vertical_half')== 'bottom' && query.block_state('template:shape') == 'outer_right')) || (query.block_state('minecraft:cardinal_direction') == 'west' && (query.block_state('minecraft:vertical_half')== 'bottom' && query.block_state('template:shape') == 'outer_left')) && query.block_state('template:placed_bit')",
                    "outer_left1": "(query.block_state('minecraft:cardinal_direction') == 'south' && (query.block_state('minecraft:vertical_half')== 'bottom' && query.block_state('template:shape') == 'outer_left')) || (query.block_state('minecraft:cardinal_direction') == 'east' && (query.block_state('minecraft:vertical_half')== 'bottom' && query.block_state('template:shape') == 'outer_right')) && query.block_state('template:placed_bit')",
                    "inner_right0u": "(query.block_state('minecraft:cardinal_direction') == 'north' && (query.block_state('minecraft:vertical_half')== 'top' && query.block_state('template:shape') == 'inner_right')) || (query.block_state('minecraft:cardinal_direction') == 'east' && (query.block_state('minecraft:vertical_half')== 'top' && query.block_state('template:shape') == 'inner_left')) && query.block_state('template:placed_bit')",
                    "inner_left0u": "(query.block_state('minecraft:cardinal_direction') == 'north' && (query.block_state('minecraft:vertical_half')== 'top' && query.block_state('template:shape') == 'inner_left')) || (query.block_state('minecraft:cardinal_direction') == 'west' && (query.block_state('minecraft:vertical_half')== 'top' && query.block_state('template:shape') == 'inner_right')) && query.block_state('template:placed_bit')",
                    "inner_right1u": "(query.block_state('minecraft:cardinal_direction') == 'south' || query.block_state('minecraft:cardinal_direction') == 'east') && (query.block_state('minecraft:vertical_half')== 'top' && query.block_state('template:shape') == 'inner_right') && query.block_state('template:placed_bit')",
                    "inner_left1u": "(query.block_state('minecraft:cardinal_direction') == 'south' || query.block_state('minecraft:cardinal_direction') == 'west') && (query.block_state('minecraft:vertical_half')== 'top' && query.block_state('template:shape') == 'inner_left') && query.block_state('template:placed_bit')",
                    "outer_right0u": "(query.block_state('minecraft:cardinal_direction') == 'north' || query.block_state('minecraft:cardinal_direction') == 'west') && (query.block_state('minecraft:vertical_half')== 'top' && query.block_state('template:shape') == 'outer_right') && query.block_state('template:placed_bit')",
                    "outer_left0u": "(query.block_state('minecraft:cardinal_direction') == 'north' || query.block_state('minecraft:cardinal_direction') == 'east') && (query.block_state('minecraft:vertical_half')== 'top' && query.block_state('template:shape') == 'outer_left') && query.block_state('template:placed_bit')",
                    "outer_right1u": "(query.block_state('minecraft:cardinal_direction') == 'south' && (query.block_state('minecraft:vertical_half')== 'top' && query.block_state('template:shape') == 'outer_right')) || (query.block_state('minecraft:cardinal_direction') == 'west' && (query.block_state('minecraft:vertical_half')== 'top' && query.block_state('template:shape') == 'outer_left')) && query.block_state('template:placed_bit')",
                    "outer_left1u": "(query.block_state('minecraft:cardinal_direction') == 'south' && (query.block_state('minecraft:vertical_half')== 'top' && query.block_state('template:shape') == 'outer_left')) || (query.block_state('minecraft:cardinal_direction') == 'east' && (query.block_state('minecraft:vertical_half')== 'top' && query.block_state('template:shape') == 'outer_right')) && query.block_state('template:placed_bit')"
                }
            },
            "minecraft:material_instances": {
                "*": {
                    "texture": "smaragdant_crystal",
                    "render_method": "opaque"
                }
            },
            "minecraft:tick": {
                "interval_range": [
                    2,
                    2
                ]
            },
            "minecraft:custom_components": [
                "betterend:stair_placement"
            ],
            "tag:wood": {},
            "tag:minecraft:is_axe_item_destructible": {},
            "tag:custom_wood": {},
            "tag:custom_stairs": {},
            "tag:not_a_full_block": {}
        }
    }
}