{
    "format_version": "1.21.90",
    "minecraft:block": {
        "description": {
            "identifier": "betterend:smaragdant_crystal_tiles",
            "menu_category": {
                "category": "construction",
                "group": "minecraft:itemGroup.name.stoneBrick"
            }
        },
        "components": {
            "tag:stone": {},
            "tag:minecraft:stone_tier_destructible": {},
            "minecraft:destructible_by_explosion": {
                "explosion_resistance": 2
            },
            "minecraft:destructible_by_mining": {
                "seconds_to_destroy": 6
            },
            "minecraft:flammable": false
        }
    }
}