{
    "format_version": "1.21.0",
    "minecraft:block": {
        "description": {
            "identifier": "betterend:cave_grass",
            "states": {
                "betterend:random": [
                    0,
                    1,
                    2,
                    3
                ]
            }
        },
        "permutations": [
            {
                "condition": "q.block_state('betterend:random') == 0",
                "components": {
                    "minecraft:geometry": "geometry.random_model1",
                    "minecraft:material_instances": {
                        "*": {
                            "texture": "cave_grass1",
                            "render_method": "alpha_test_single_sided",
                            "ambient_occlusion": false,
                            "face_dimming": false
                        }
                    }
                }
            },
            {
                "condition": "q.block_state('betterend:random') == 1",
                "components": {
                    "minecraft:material_instances": {
                        "*": {
                            "texture": "cave_grass2",
                            "render_method": "alpha_test_single_sided",
                            "ambient_occlusion": false,
                            "face_dimming": false
                        }
                    },
                    "minecraft:geometry": "geometry.random_model2"
                }
            },
            {
                "condition": "q.block_state('betterend:random') == 2",
                "components": {
                    "minecraft:geometry": "geometry.random_model1",
                    "minecraft:material_instances": {
                        "*": {
                            "texture": "cave_grass2",
                            "render_method": "alpha_test_single_sided",
                            "ambient_occlusion": false,
                            "face_dimming": false
                        }
                    }
                }
            },
            {
                "condition": "q.block_state('betterend:random') == 3",
                "components": {
                    "minecraft:material_instances": {
                        "*": {
                            "texture": "cave_grass1",
                            "render_method": "alpha_test_single_sided",
                            "ambient_occlusion": false,
                            "face_dimming": false
                        }
                    },
                    "minecraft:geometry": "geometry.random_model2"
                }
            }
        ],
        "components": {
            "minecraft:custom_components": [
                "betterend:caves_index"
            ],
            "minecraft:loot": "loot_tables/empty.json",
            "minecraft:destructible_by_explosion": true,
            "minecraft:destructible_by_mining": true,
            "minecraft:collision_box": false,
            "minecraft:placement_filter": {
                "conditions": [
                    {
                        "allowed_faces": [
                            "up"
                        ],
                        "block_filter": [
                            "betterend:cave_moss"
                        ]
                    }
                ]
            }
        }
    }
}