{
    "format_version": "1.21.0",
    "minecraft:block": {
        "description": {
            "identifier": "betterend:pallidium_tiny",
            "menu_category": {
                "category": "nature",
                "group": "itemGroup.name.stone"
            },
            "states": {
                "betterend:biomes": [
                    "none",
                    "umbra_valley"
                ]
            }
        },
        "permutations": [
            {
                "condition": "q.block_state('betterend:biomes') == 'none'",
                "components": {
                    "tag:none": {}
                }
            },
            {
                "condition": "q.block_state('betterend:biomes') == 'umbra_valley'",
                "components": {
                    "tag:umbra_valley": {}
                }
            }
        ],
        "components": {
            "tag:stone": {},
            "minecraft:flammable": false,
            "minecraft:destructible_by_mining": {
                "seconds_to_destroy": 8
            },
            "minecraft:destructible_by_explosion": {
                "explosion_resistance": 3
            }
        }
    }
}