{
	"format_version": "1.20.80",
	"minecraft:block": {
		"description": {
			"identifier": "betterend:infusion_pedestal",
			"states": {
				"pillar_template:top_bit": [
					false,
					true
				],
				"pillar_template:bottom_bit": [
					false,
					true
				],
				"betterend:craft": [
					false,
					true
				]
			}
		},
		"permutations": [
			{
				"condition": "q.block_state('betterend:craft') == false",
				"components": {}
			},
			{
				"condition": "q.block_state('betterend:craft') == true",
				"components": {
					"minecraft:light_emission": 15,
					"minecraft:crafting_table": {
						"crafting_tags": [
							"infusion_pedestal"
						],
						"table_name": "Infusion"
					}
				}
			}
		],
		"components": {
			"minecraft:custom_components": [
				"betterend:infusion_pedestal"
			],
			"minecraft:tick": {
				"interval_range": [
					40, 40
				],
				"looping": true
			},
			"minecraft:collision_box": {
				"origin": [
					-7,
					0,
					-7
				],
				"size": [
					14,
					16,
					14
				]
			},
			"minecraft:selection_box": {
				"origin": [
					-7,
					0,
					-7
				],
				"size": [
					14,
					16,
					14
				]
			},
			"tag:pillar_template:pillar": {},
			"minecraft:geometry": {
				"identifier": "geometry.pillar2",
				"bone_visibility": {
					"top": "query.block_state('pillar_template:top_bit') == false",
					"bottom": "query.block_state('pillar_template:bottom_bit') == false",
					"middle_top": "query.block_state('pillar_template:top_bit')",
					"middle_bottom": "query.block_state('pillar_template:bottom_bit')"
				}
			},
			"minecraft:material_instances": {
				"*": {
					"texture": "infusion_pedestal_side"
				},
				"pillar_top": {
					"texture": "infusion_pedestal"
				}
			}
		}
	}
}