{
  "format_version": "1.20.81",
  "minecraft:block": {
    "description": {
      "identifier": "betterend:bulb_vine",
      "states": {
        "betterend:growth": [0, 1, 2, 3]
      }
    },
    "permutations": [
      {
        "condition": "q.block_state('betterend:growth') == 0",
        "components": {
          "minecraft:tick": {
            "interval_range": [10, 10],
            "looping": true
          },
          "minecraft:selection_box": {
            "origin": [-6, 0, -6],
            "size": [12, 16, 12]
          },
          "minecraft:geometry": "geometry.bulb_vine_roots",
          "minecraft:placement_filter": {
            "conditions": [
              {
                "block_filter": [
                  "betterend:tenanea_leaves",
                  "betterend:bulb_vine"
                ],
                "allowed_faces": ["down"]
              }
            ]
          }
        }
      },
      {
        "condition": "q.block_state('betterend:growth') == 1",
        "components": {
          "minecraft:tick": {
            "interval_range": [10, 10],
            "looping": true
          },
          "minecraft:selection_box": {
            "origin": [-6, 0, -6],
            "size": [12, 16, 12]
          },
          "minecraft:geometry": "geometry.bulb_vine_middle",
          "minecraft:placement_filter": {
            "conditions": [
              {
                "block_filter": ["betterend:bulb_vine"],
                "allowed_faces": ["down"]
              }
            ]
          }
        }
      },
      {
        "condition": "q.block_state('betterend:growth') == 2",
        "components": {
          "minecraft:light_emission": 15,
          "minecraft:tick": {
            "interval_range": [10, 10],
            "looping": true
          },
          "minecraft:selection_box": {
            "origin": [-6, 0, -6],
            "size": [12, 16, 12]
          },
          "minecraft:geometry": "geometry.bulb_vine_bottom",
          "minecraft:placement_filter": {
            "conditions": [
              {
                "block_filter": ["betterend:bulb_vine"],
                "allowed_faces": ["down"]
              }
            ]
          }
        }
      },
      {
        "condition": "q.block_state('betterend:growth') == 3",
        "components": {
          "tag:extends": {},
          "minecraft:tick": {
            "interval_range": [1, 1],
            "looping": false
          },
          "minecraft:selection_box": true,
          "minecraft:material_instances": {
            "*": {
              "texture": "air",
              "render_method": "blend"
            }
          },
          "minecraft:geometry": "geometry.bulb_vine_bottom"
        }
      }
    ],
    "components": {
      "tag:betterend:can_climb": {},
      "minecraft:custom_components": ["betterend:bulb_vine"],
      "minecraft:loot": "loot_tables/empty.json",
      "minecraft:collision_box": false,
      "minecraft:destructible_by_explosion": true,
      "minecraft:destructible_by_mining": true,
      "minecraft:material_instances": {
        "*": {
          "texture": "bulb_vine",
          "render_method": "alpha_test_single_sided",
          "ambient_occlusion": false,
          "face_dimming": false
        }
      }
    }
  }
}
