{
	"format_version": "1.20.40",
	"minecraft:block": {
		"description": {
			"identifier": "betterend:small_jellyshroom",
			"traits": {
				"minecraft:placement_direction": {
					"enabled_states": [
						"minecraft:facing_direction"
					]
				}
			},
			"states": {
				"betterend:growth": [
					0,
					1,
					2,
					3
				]
			}
		},
		"permutations": [
			{
				"condition": "q.block_state('minecraft:facing_direction') == 'down'",
				"components": {
					"minecraft:geometry": "geometry.small_jellyshroom_floor",
					"minecraft:material_instances": {
						"*": {
							"texture": "small_jellyshroom",
							"ambient_occlusion": false, 
							"face_dimming": false,
							"render_method": "alpha_test_single_sided"
						}
					}
				}
			},
			{
				"condition": "q.block_state('minecraft:facing_direction') == 'up'",
				"components": {
					"minecraft:geometry": "geometry.small_jellyshroom_floor",
					"minecraft:material_instances": {
						"*": {
							"texture": "small_jellyshroom",
							"ambient_occlusion": false, 
							"face_dimming": false,
							"render_method": "alpha_test_single_sided"
						}
					}
				}
			},
			{
				"condition": "q.block_state('minecraft:facing_direction') == 'north'",
				"components": {
					"minecraft:transformation": {
						"rotation": [
							0,
							0,
							0
						]
					},
					"minecraft:geometry": "geometry.small_jellyshroom_wall",
					"minecraft:material_instances": {
						"*": {
							"texture": "small_jellyshroom",
							"ambient_occlusion": false,
							"face_dimming": false, 
							"render_method": "alpha_test_single_sided"
						}
					}
				}
			},
			{
				"condition": "q.block_state('minecraft:facing_direction') == 'west'",
				"components": {
					"minecraft:transformation": {
						"rotation": [
							0,
							90,
							0
						]
					},
					"minecraft:geometry": "geometry.small_jellyshroom_wall",
					"minecraft:material_instances": {
						"*": {
							"texture": "small_jellyshroom",
							"ambient_occlusion": false,
							"face_dimming": false,
							"render_method": "alpha_test_single_sided"
						}
					}
				}
			},
			{
				"condition": "q.block_state('minecraft:facing_direction') == 'south'",
				"components": {
					"minecraft:transformation": {
						"rotation": [
							0,
							180,
							0
						]
					},
					"minecraft:geometry": "geometry.small_jellyshroom_wall",
					"minecraft:material_instances": {
						"*": {
							"texture": "small_jellyshroom",
							"ambient_occlusion": false, 
							"face_dimming": false, 
							"render_method": "alpha_test_single_sided"
						}
					}
				}
			},
			{
				"condition": "q.block_state('minecraft:facing_direction') == 'east'",
				"components": {
					"minecraft:transformation": {
						"rotation": [
							0,
							270,
							0
						]
					},
					"minecraft:geometry": "geometry.small_jellyshroom_wall",
					"minecraft:material_instances": {
						"*": {
							"texture": "small_jellyshroom",
							"ambient_occlusion": false,
							"face_dimming": false,
							"render_method": "alpha_test_single_sided"
						}
					}
				}
			},
			{
				"condition": "q.block_state('betterend:growth') == 0",
				"components": {}
			},
			{
				"condition": "q.block_state('betterend:growth') == 1",
				"components": {}
			},
			{
				"condition": "q.block_state('betterend:growth') == 2",
				"components": {}
			},
			{
				"condition": "q.block_state('betterend:growth') == 3",
				"components": {}
			}
		],
		"components": {
			"tag:offset:-12": {},
			"tag:particle:betterend:jungle_spore": {},
			"minecraft:custom_components": ["betterend:jellyshroom", "betterend:particle_emitter"],
			"minecraft:loot": "loot_tables/empty.json",
			"minecraft:placement_filter": {
				"conditions": [
					{
						"block_filter": [
							"betterend:jungle_moss"
						],
						"allowed_faces": [
							"up"
						]
					},
					{
						"block_filter": [
							"betterend:umbrella_tree_wood",
							"betterend:umbrella_tree_log",
							"betterend:jellyshroom_wood", 
							"betterend:jellyshroom_log"
						],
						"allowed_faces": [
							"side"
						]
					}
				]
			},
			"minecraft:destructible_by_mining": true,
			"minecraft:collision_box": false,
			"minecraft:selection_box": {
				"origin": [
					-5.5,
					0,
					-5.5
				],
				"size": [
					11,
					14,
					11
				]
			}
		}
	}
}
