{
  "format_version": "1.21.0",
  "minecraft:scatter_feature": {
    "description": {
      "identifier": "betterend:amber_land/tree/amber_tree_scatter_feature"
    },
    "iterations": "t.BetterEndBiome == 0 ? math.trunc(math.ceil(q.noise(math.trunc(v.originx), math.trunc(v.originz)))) : 0",
    "coordinate_eval_order": "zxy",
    "x": 0,
    "z": 0,
    "y": "t.surface > 50 ? { return t.surface - v.originy - 1; } : { return 400; };",
    "places_feature": "betterend:amber_land/tree/amber_tree_weighted_random_feature"
  }
}
