{
  "format_version": "1.21.0",
  "minecraft:scatter_feature": {
    "description": {
      "identifier": "betterend:amber_land/tree/bulb_moss_distance_scatter_feature"
    },
    "iterations": "math.random_integer(25, 40)", 
    "x": {
        "distribution": "uniform",
        "extent": [ 0, "t.ExtentPlant" ]
      },
    "z": {
        "distribution": "uniform",
        "extent": [ 0, "t.ExtentPlant" ]
      },
    "y": {
        "distribution": "uniform",
        "extent": [ 48, 114 ]
      },
    "places_feature": "betterend:amber_land/tree/bulb_moss_scatter_feature"
  }
}
