{
  "format_version": "1.21.0",
  "minecraft:scatter_feature": {
    "description": {
      "identifier": "betterend:amber_land/tree/bulb_moss_scatter_feature"
    },
    "iterations": "return 8 * t.SizePlant;",
    "x": {
      "extent": [ "-t.SizePlant", "t.SizePlant" ],
      "distribution": "gaussian"
    },
    "z": {
      "extent": [ "-t.SizePlant", "t.SizePlant" ],
      "distribution": "gaussian"
    },
    "y": {
      "extent": [ "-t.SizePlant/2", "t.SizePlant/2" ],
      "distribution": "gaussian"
    },
    "places_feature": "betterend:amber_land/tree/bulb_moss_single_block_feature"
  }
}
