{
	"format_version": "1.21.0",
	"minecraft:block": {
		"description": {
			"identifier": "betterend:hydralux_sapling",
			"states": {
				"betterend:growth": [
					0,
					1,
					2,
					3,
					4,
					5,
					6,
					7,
					8,
					9,
					10,
					11,
					12
				]
			},
			"traits": {
				"minecraft:placement_direction": {
					"enabled_states": [
						"minecraft:cardinal_direction"
					],
					"y_rotation_offset": 180
				}
			}
		},
		"permutations": [
			{
				"condition": "q.block_state('minecraft:cardinal_direction') == 'north'",
				"components": {
					"minecraft:transformation": {
						"rotation": [
							0,
							0,
							0
						]
					}
				}
			},
			{
				"condition": "q.block_state('minecraft:cardinal_direction') == 'west'",
				"components": {
					"minecraft:transformation": {
						"rotation": [
							0,
							90,
							0
						]
					}
				}
			},
			{
				"condition": "q.block_state('minecraft:cardinal_direction') == 'south'",
				"components": {
					"minecraft:transformation": {
						"rotation": [
							0,
							180,
							0
						]
					}
				}
			},
			{
				"condition": "q.block_state('minecraft:cardinal_direction') == 'east'",
				"components": {
					"minecraft:transformation": {
						"rotation": [
							0,
							-90,
							0
						]
					}
				}
			},
			{
				"condition": "q.block_state('betterend:growth') == 0",
				"components": {
					"minecraft:material_instances": {
						"*": {
							"texture": "hydralux_sapling2",
							"render_method": "alpha_test_single_sided",
							"ambient_occlusion": false,
							"face_dimming": false
						}
					}
				}
			},
			{
				"condition": "q.block_state('betterend:growth') == 1",
				"components": {
					"minecraft:material_instances": {
						"*": {
							"texture": "hydralux_sapling2",
							"render_method": "alpha_test_single_sided",
							"ambient_occlusion": false,
							"face_dimming": false
						}
					}
				}
			},
			{
				"condition": "q.block_state('betterend:growth') == 2",
				"components": {
					"minecraft:material_instances": {
						"*": {
							"texture": "hydralux_sapling2",
							"render_method": "alpha_test_single_sided",
							"ambient_occlusion": false,
							"face_dimming": false
						}
					}
				}
			},
			{
				"condition": "q.block_state('betterend:growth') == 3",
				"components": {
					"minecraft:material_instances": {
						"*": {
							"texture": "hydralux_sapling2",
							"render_method": "alpha_test_single_sided",
							"ambient_occlusion": false,
							"face_dimming": false
						}
					}
				}
			},
			{
				"condition": "q.block_state('betterend:growth') == 4",
				"components": {
					"minecraft:geometry": "geometry.hydralux_flower_roots"
				}
			},
			{
				"condition": "q.block_state('betterend:growth') == 5",
				"components": {
					"minecraft:geometry": "geometry.hydralux_flower_vine"
				}
			},
			{
				"condition": "q.block_state('betterend:growth') == 6",
				"components": {
					"minecraft:transformation": {
						"scale": [
							1.8,
							1.8,
							1.8
						],
						"translation": [
							0,
							0.4,
							0
						]
					},
					"minecraft:geometry": "geometry.hydralux_flower_big_1_bottom"
				}
			},
			{
				"condition": "q.block_state('betterend:growth') == 7",
				"components": {
					"minecraft:transformation": {
						"scale": [
							1.8,
							1.8,
							1.8
						],
						"translation": [
							0,
							0.4,
							0
						]
					},
					"minecraft:geometry": "geometry.hydralux_flower_big_2_bottom"
				}
			},
			{
				"condition": "q.block_state('betterend:growth') == 8",
				"components": {
					"minecraft:transformation": {
						"scale": [
							1.8,
							1.8,
							1.8
						],
						"translation": [
							0,
							0.4,
							0
						]
					},
					"minecraft:geometry": "geometry.hydralux_flower_big_3_bottom"
				}
			},
			{
				"condition": "q.block_state('betterend:growth') == 9",
				"components": {
					"minecraft:transformation": {
						"scale": [
							1.8,
							1.8,
							1.8
						],
						"translation": [
							0,
							0.4,
							0
						]
					},
					"minecraft:geometry": "geometry.hydralux_flower_big_3_bottom"
				}
			},
			{
				"condition": "q.block_state('betterend:growth') == 10",
				"components": {
					"minecraft:geometry": "geometry.hydralux_flower_small_bottom"
				}
			},
			{
				"condition": "q.block_state('betterend:growth') == 11",
				"components": {
					"minecraft:selection_box": {
						"origin": [
							-4,
							0,
							-4
						],
						"size": [
							8,
							10,
							8
						]
					},
					"minecraft:geometry": "geometry.hydralux_flower_big_top"
				}
			},
			{
				"condition": "q.block_state('betterend:growth') == 12",
				"components": {
					"minecraft:selection_box": {
						"origin": [
							-5,
							0,
							-5
						],
						"size": [
							10,
							8,
							10
						]
					},
					"minecraft:geometry": "geometry.hydralux_flower_small_top"
				}
			}
		],
		"components": {
			"minecraft:liquid_detection": {
                "detection_rules": [
                    {
                        "liquid_type": "water",
                        "on_liquid_touches": "no_reaction",
                        "can_contain_liquid": true
                    }
                ]
            },
			"minecraft:geometry": "geometry.random_model2",
			"minecraft:material_instances": {
				"*": {
					"texture": "hydralux_sapling",
					"render_method": "alpha_test_single_sided",
					"ambient_occlusion": false,
					"face_dimming": false
				}
			},
			"minecraft:destructible_by_explosion": true,
			"minecraft:destructible_by_mining": true,
			"minecraft:collision_box": false,
			"minecraft:selection_box": {
				"origin": [
					-4.5,
					0,
					-4.5
				],
				"size": [
					9,
					16,
					9
				]
			},
			"minecraft:placement_filter": {
				"conditions": [
					{
						"allowed_faces": [
							"up"
						],
						"block_filter": [
							"betterend:hydralux_sapling",
							"betterend:sulphuric_rock",
							"betterend:brimstone"
						]
					}
				]
			}
		}
	}
}