{
    "format_version": "1.21.0",
    "minecraft:block": {
        "description": {
            "identifier": "betterend:hydrothermal_vent",
            "menu_category": {
                "category": "nature",
                "group": "itemGroup.name.coral_decorations"
            },
            "states": {
                "betterend:rotation": [
                    0, 1, 2, 3
                ]
            }
        },
        "permutations": [
            {
                "condition": "q.block_state('betterend:rotation') == 0",
                "components": {
                    "minecraft:transformation": {
                        "rotation": [
                            0,
                            0,
                            0
                        ]
                    }
                }
            },
            {
                "condition": "q.block_state('betterend:rotation') == 1",
                "components": {
                    "minecraft:transformation": {
                        "rotation": [
                            0,
                            90,
                            0
                        ]
                    }
                }
            },
            {
                "condition": "q.block_state('betterend:rotation') == 2",
                "components": {
                    "minecraft:transformation": {
                        "rotation": [
                            0,
                            180,
                            0
                        ]
                    }
                }
            },
            {
                "condition": "q.block_state('betterend:rotation') == 3",
                "components": {
                    "minecraft:transformation": {
                        "rotation": [
                            0,
                            -90,
                            0
                        ]
                    }
                }
            }
        ],
        "components": {
            "minecraft:liquid_detection": {
                "detection_rules": [
                    {
                        "liquid_type": "water",
                        "on_liquid_touches": "no_reaction",
                        "can_contain_liquid": true
                    }
                ]
            },
            "tag:stone": {},
            "minecraft:custom_components": [ "betterend:hydrothermal_vent" ],
            "minecraft:destructible_by_explosion": {
                "explosion_resistance": 1
            },
            "minecraft:destructible_by_mining": {
                "seconds_to_destroy": 3
            },
            "minecraft:tick": {
                "looping": true,
                "interval_range": [
                    40, 100
                ]
            },
            "minecraft:geometry": "geometry.hydrothermal_vent",
            "minecraft:material_instances": {
                "*": {
                    "texture": "hydrothermal_vent",
                    "render_method": "opaque",
                    "ambient_occlusion": true,
                    "face_dimming": true
                }
            }
        }
    }
}