{
    "format_version": "1.21.0",
    "minecraft:block": {
        "description": {
            "identifier": "betterend:sulphuric_rock",
            "menu_category": {
                "category": "nature"
            },
            "states": {
                "betterend:biomes": [
                    "none",
                    "sulphur_springs"
                ]
            }
        },
        "permutations": [
            {
                "condition": "q.block_state('betterend:biomes') == 'none'",
                "components": {
                    "tag:none": {}
                }
            },
            {
                "condition": "q.block_state('betterend:biomes') == 'sulphur_springs'",
                "components": {
                    "tag:sulphur_springs": {}
                }
            }
        ],
        "components": {
            "tag:stone": {},
            "minecraft:destructible_by_explosion": {
                "explosion_resistance": 1
            },
            "minecraft:destructible_by_mining": {
                "seconds_to_destroy": 3
            },
            "minecraft:flammable": false
        }
    }
}