{
    "format_version": "1.20.81",
    "minecraft:block": {
        "description": {
            "identifier": "betterend:glowing_pillar_luminophor",
            "menu_category": {
                "category": "nature"
            }
        },
        "components": {
            "minecraft:material_instances": {
                "*": {
                    "ambient_occlusion": false,
                    "face_dimming": false
                }
            },
            "minecraft:destructible_by_explosion": true,
            "minecraft:destructible_by_mining": {
                "seconds_to_destroy": 0.5
            },
            "minecraft:light_emission": 15
        }
    }
}