{
  "format_version": "1.20.81",
  "minecraft:block": {
    "description": {
      "identifier": "betterend:chorus_plant_flower",
      "menu_category": {
        "category": "nature"
      },
      "states": {
        "betterend:random": [0, 1]
      }
    },
    "permutations": [
      {
        "condition": "q.block_state('betterend:random') == 1",
        "components": {
          "minecraft:transformation": {
            "scale": [2, 2, 2],
            "translation": [0, 0.3, 0]
          },
          "minecraft:material_instances": {
            "*": {
              "texture": "chorus_plant_flower",
              "render_method": "alpha_test_single_sided",
              "ambient_occlusion": false,
              "face_dimming": false
            }
          },
          "minecraft:geometry": "geometry.chorus_plant_flower_open",
          "minecraft:selection_box": {
            "origin": [-6.5, 0, -6.5],
            "size": [13, 4, 13]
          },
          "minecraft:collision_box": {
            "origin": [-6.5, 0, -6.5],
            "size": [13, 4, 13]
          }
        }
      },
      {
        "condition": "q.block_state('betterend:random') == 0",
        "components": {
          "minecraft:transformation": {
            "translation": [0, -0.2, 0]
          },
          "minecraft:material_instances": {
            "*": {
              "texture": "chorus_plant_flower_closed",
              "render_method": "opaque",
              "ambient_occlusion": true,
              "face_dimming": true
            }
          },
          "minecraft:geometry": "geometry.chorus_plant_flower"
        }
      }
    ],
    "components": {
      "minecraft:custom_components": ["betterend:chorus_index"],
      "minecraft:flammable": false,
      "minecraft:destructible_by_explosion": true,
      "minecraft:destructible_by_mining": {
        "seconds_to_destroy": 1
      },
      "minecraft:placement_filter": {
        "conditions": [
          {
            "allowed_faces": ["up"],
            "block_filter": ["chorus_plant"]
          }
        ]
      }
    }
  }
}
