{
  "format_version": "1.20.40",
  "minecraft:block": {
    "description": {
      "identifier": "betterend:tail_moss",
      "states": {
        "betterend:random": [0, 1, 2]
      },
      "traits": {
        "minecraft:placement_direction": {
          "enabled_states": ["minecraft:cardinal_direction"]
        }
      }
    },
    "permutations": [
      {
        "condition": "q.block_state('betterend:random') == 0",
        "components": {
          "minecraft:selection_box": {
            "origin": [-8, 0, 0],
            "size": [16, 16, 8]
          },
          "minecraft:geometry": "geometry.bulb_moss_01"
        }
      },
      {
        "condition": "q.block_state('betterend:random') == 1",
        "components": {
          "minecraft:selection_box": {
            "origin": [-8, 0, 0],
            "size": [16, 16, 8]
          },
          "minecraft:geometry": "geometry.bulb_moss_02"
        }
      },
      {
        "condition": "q.block_state('betterend:random') == 2",
        "components": {
          "minecraft:selection_box": {
            "origin": [-8, 0, 0],
            "size": [16, 16, 8]
          },
          "minecraft:geometry": "geometry.bulb_moss_03"
        }
      },
      {
        "condition": "q.block_state('minecraft:cardinal_direction') == 'north'",
        "components": {
          "minecraft:transformation": { "rotation": [0, 180, 0] }
        }
      },
      {
        "condition": "q.block_state('minecraft:cardinal_direction') == 'south'",
        "components": {
          "minecraft:transformation": { "rotation": [0, 0, 0] }
        }
      },
      {
        "condition": "q.block_state('minecraft:cardinal_direction') == 'east'",
        "components": {
          "minecraft:transformation": { "rotation": [0, 90, 0] }
        }
      },
      {
        "condition": "q.block_state('minecraft:cardinal_direction') == 'west'",
        "components": {
          "minecraft:transformation": { "rotation": [0, 270, 0] }
        }
      }
    ],
    "components": {
      "minecraft:custom_components": ["betterend:chorus_index"],
      "minecraft:loot": "loot_tables/empty.json",
      "minecraft:material_instances": {
        "*": {
          "texture": "tail_moss",
          "render_method": "alpha_test_single_sided",
          "ambient_occlusion": false,
          "face_dimming": false
        }
      },
      "minecraft:destructible_by_explosion": true,
      "minecraft:destructible_by_mining": true,
      "minecraft:collision_box": false,
      "minecraft:placement_filter": {
        "conditions": [
          {
            "allowed_faces": ["side"],
            "block_filter": [
              "betterend:pythadendron_log",
              "betterend:pythadendron_wood", 
              "betterend:dragon_tree_wood", 
              "betterend:dragon_tree_log"
            ]
          }
        ]
      }
    }
  }
}
