{
    "format_version": "1.20.81",
    "minecraft:block": {
      "description": {
        "identifier": "betterend:blue_vine_fur",
        "traits": {
          "minecraft:placement_direction": {
            "enabled_states": ["minecraft:facing_direction"]
          }
        }
      },
      "permutations": [
        {
          "condition": "q.block_state('minecraft:facing_direction') == 'down'",
          "components": {
            "minecraft:transformation": { "rotation": [0, 0, 0] }
          }
        },
        {
          "condition": "q.block_state('minecraft:facing_direction') == 'up'",
          "components": {
            "minecraft:transformation": { "rotation": [0, 0, 0] }
          }
        },
        {
          "condition": "q.block_state('minecraft:facing_direction') == 'north'",
          "components": {
            "minecraft:transformation": { "rotation": [90, 0, 0] }
          }
        },
        {
          "condition": "q.block_state('minecraft:facing_direction') == 'west'",
          "components": {
            "minecraft:transformation": { "rotation": [0, 0, -90] }
          }
        },
        {
          "condition": "q.block_state('minecraft:facing_direction') == 'south'",
          "components": {
            "minecraft:transformation": { "rotation": [-90, 0, 0] }
          }
        },
        {
          "condition": "q.block_state('minecraft:facing_direction') == 'east'",
          "components": {
            "minecraft:transformation": { "rotation": [0, 0, 90] }
          }
        }
      ],
      "components": {
        "minecraft:selection_box": {
          "origin": [-8, 0, -8],
          "size": [16, 8, 16]
        },
        "minecraft:geometry": "geometry.blue_vine_fur",
        "minecraft:material_instances": {
          "*": {
            "texture": "blue_vine_fur",
            "render_method": "alpha_test",
            "ambient_occlusion": false,
            "face_dimming": false
          }
        },
        "minecraft:collision_box": false,
        "minecraft:destructible_by_explosion": true,
        "minecraft:destructible_by_mining": true,
        "minecraft:light_emission": 15
      }
    }
  }
  