{
  "format_version": "1.20.81",
  "minecraft:block": {
    "description": {
      "identifier": "betterend:blue_vine_lantern",
      "menu_category": {
        "category": "nature"
      }
    },
    "components": {
      "minecraft:light_emission": 15,
      "minecraft:destructible_by_explosion": true,
      "minecraft:destructible_by_mining": {
        "seconds_to_destroy": 0.5
      },
      "minecraft:material_instances": {
        "*": {
          "ambient_occlusion": false,
          "face_dimming": false
        }
      }
    }
  }
}
