{
  "format_version": "1.21.0",
  "minecraft:block": {
    "description": {
      "identifier": "betterend:creeping_moss"
    },
    "components": {
      "tag:offset:-12": {},
      "tag:particle:betterend:glowing_sphere": {},
      "minecraft:custom_components": ["betterend:foggy_index", "betterend:particle_emitter"],
      "minecraft:loot": "loot_tables/empty.json",
      "minecraft:geometry": "geometry.creeping_moss",
      "minecraft:light_emission": 15,
      "minecraft:material_instances": {
        "*": {
          "texture": "creeping_moss",
          "render_method": "alpha_test_single_sided",
          "ambient_occlusion": false,
          "face_dimming": false
        }
      },
      "minecraft:destructible_by_explosion": true,
      "minecraft:destructible_by_mining": true,
      "minecraft:collision_box": false,
      "minecraft:placement_filter": {
        "conditions": [
          {
            "allowed_faces": ["up"],
            "block_filter": ["betterend:end_moss"]
          }
        ]
      }
    }
  }
}
