{
  "format_version": "1.21.50",
  "minecraft:block": {
    "description": {
      "identifier": "betterend:mossy_glowshroom_hymenophore",
      "menu_category": {
        "category": "nature"
      }
    },
    "components": {
      "minecraft:custom_components": [ "betterend:mossy_glowshroom_fur_generator" ],
      "minecraft:material_instances": {
        "*": {
          "ambient_occlusion": false,
          "face_dimming": false
        }
      },
      "minecraft:destructible_by_explosion": true,
      "minecraft:destructible_by_mining": {
        "seconds_to_destroy": 0.5
      },
      "minecraft:light_emission": 15
    }
  }
}