{
  "format_version": "1.20.40",
  "minecraft:block": {
    "description": {
      "identifier": "betterend:mossy_glowshroom_fur",
      "traits": {
        "minecraft:placement_direction": {
          "enabled_states": ["minecraft:facing_direction"]
        }
      }
    },
    "permutations": [
      {
        "condition": "q.block_state('minecraft:facing_direction') == 'down'",
        "components": {
          "minecraft:transformation": { "rotation": [-90, 0, 0] }
        }
      },
      {
        "condition": "q.block_state('minecraft:facing_direction') == 'up'",
        "components": {
          "minecraft:transformation": { "rotation": [90, 0, 0] }
        }
      },
      {
        "condition": "q.block_state('minecraft:facing_direction') == 'north'",
        "components": {
          "minecraft:transformation": { "rotation": [0, 0, 0] }
        }
      },
      {
        "condition": "q.block_state('minecraft:facing_direction') == 'south'",
        "components": {
          "minecraft:transformation": { "rotation": [0, 180, 0] }
        }
      },
      {
        "condition": "q.block_state('minecraft:facing_direction') == 'east'",
        "components": {
          "minecraft:transformation": { "rotation": [0, -90, 0] }
        }
      },
      {
        "condition": "q.block_state('minecraft:facing_direction') == 'west'",
        "components": {
          "minecraft:transformation": { "rotation": [0, 90, 0] }
        }
      }
    ],
    "components": {
      "minecraft:selection_box": {
        "origin": [-8, 0, -8],
        "size": [16, 16, 6]
      },
      "minecraft:placement_filter": {
        "conditions": [
          {
            "block_filter": ["betterend:mossy_glowshroom_hymenophore"]
          }
        ]
      },
      "minecraft:geometry": "geometry.mossy_glowshroom_fur",
      "minecraft:material_instances": {
        "*": {
          "texture": "mossy_glowshroom_fur",
          "render_method": "alpha_test_single_sided",
          "ambient_occlusion": false,
          "face_dimming": false
        }
      },
      "minecraft:collision_box": false,
      "minecraft:destructible_by_explosion": true,
      "minecraft:destructible_by_mining": true,
      "minecraft:light_emission": 15
    }
  }
}