{
  "format_version": "1.21.0",
  "minecraft:block": {
    "description": {
      "identifier": "betterend:tall_umbrella_moss",
      "states": {
        "betterend:random": [0, 1, 2],
        "betterend:top": [false, true]
      },
      "traits": {
        "minecraft:placement_direction": {
          "enabled_states": ["minecraft:cardinal_direction"],
          "y_rotation_offset": 180
        }
      }
    },
    "permutations": [
      {
        "condition": "q.block_state('betterend:random') == 0 && q.block_state('betterend:top') == true",
        "components": {
          "minecraft:geometry": "geometry.umbrella_moss_top_01"
        }
      },
      {
        "condition": "q.block_state('betterend:random') == 1 && q.block_state('betterend:top') == true",
        "components": {
          "minecraft:geometry": "geometry.umbrella_moss_top_02"
        }
      },
      {
        "condition": "q.block_state('betterend:random') == 2 && q.block_state('betterend:top') == true",
        "components": {
          "minecraft:geometry": "geometry.umbrella_moss_top_03"
        }
      },
      {
        "condition": "q.block_state('betterend:top') == false",
        "components": {
          "minecraft:geometry": "geometry.umbrella_moss_bottom"
        }
      },
      {
        "condition": "q.block_state('minecraft:cardinal_direction') == 'north'",
        "components": {
          "minecraft:transformation": { "rotation": [0, 0, 0] }
        }
      },
      {
        "condition": "q.block_state('minecraft:cardinal_direction') == 'west'",
        "components": {
          "minecraft:transformation": { "rotation": [0, 90, 0] }
        }
      },
      {
        "condition": "q.block_state('minecraft:cardinal_direction') == 'south'",
        "components": {
          "minecraft:transformation": { "rotation": [0, 180, 0] }
        }
      },
      {
        "condition": "q.block_state('minecraft:cardinal_direction') == 'east'",
        "components": {
          "minecraft:transformation": { "rotation": [0, -90, 0] }
        }
      }
    ],
    "components": {
      "minecraft:custom_components": ["betterend:foggy_index"],
      "minecraft:loot": "loot_tables/empty.json",
      "minecraft:selection_box": true,
      "minecraft:material_instances": {
        "*": {
          "texture": "umbrella_moss_sporophyte",
          "render_method": "alpha_test",
          "ambient_occlusion": false,
          "face_dimming": false
        },
        "umbrella_moss_bottom": {
          "texture": "umbrella_moss_bottom",
          "render_method": "alpha_test",
          "ambient_occlusion": false,
          "face_dimming": false
        },
        "umbrella_moss_end": {
          "texture": "umbrella_moss_end",
          "render_method": "alpha_test",
          "ambient_occlusion": false,
          "face_dimming": false
        },
        "umbrella_moss_up": {
          "texture": "umbrella_moss_up",
          "render_method": "alpha_test",
          "ambient_occlusion": false,
          "face_dimming": false
        }
      },
      "minecraft:destructible_by_explosion": true,
      "minecraft:destructible_by_mining": true,
      "minecraft:collision_box": false,
      "minecraft:placement_filter": {
        "conditions": [
          {
            "allowed_faces": ["up"],
            "block_filter": [
              "betterend:end_moss",
              {
                "name": "betterend:tall_umbrella_moss",
                "states": {
                  "betterend:top": false
                }
              }
            ]
          }
        ]
      }
    }
  }
}
