{
    "format_version": "1.21.0",
    "minecraft:block": {
        "description": {
            "identifier": "betterend:filalux_lantern",
            "menu_category": {
                "category": "nature"
            }
        },
        "components": {
            "tag:lantern": {},
            "minecraft:light_emission": 15,
            "minecraft:destructible_by_explosion": true,
            "minecraft:destructible_by_mining": true,
            "minecraft:flammable": false
        }
    }
}