{
    "format_version": "1.21.0",
    "minecraft:block": {
        "description": {
            "identifier": "betterend:lamellarium",
            "states": {
                "betterend:random": [
                    0, 1
                ]
            }
        },
        "permutations": [
            {
                "condition": "q.block_state('betterend:random') == 0",
                "components": {
                    "minecraft:geometry": "geometry.random_model1"
                }
            },
            {
                "condition": "q.block_state('betterend:random') == 1",
                "components": {
                    "minecraft:geometry": "geometry.random_model2"
                }
            }
        ],
        "components": {
            "minecraft:custom_components": [ "betterend:lucernia_index" ],
            "minecraft:loot": "loot_tables/empty.json",
            "minecraft:material_instances": {
                "*": {
                    "texture": "lamellarium",
                    "render_method": "alpha_test_single_sided",
                    "ambient_occlusion": false,
                    "face_dimming": false
                }
            },
            "minecraft:destructible_by_explosion": true,
            "minecraft:destructible_by_mining": true,
            "minecraft:collision_box": false,
            "minecraft:placement_filter": {
                "conditions": [
                    {
                        "allowed_faces": [
                            "up"
                        ],
                        "block_filter": [
                            "betterend:rutiscus"
                        ]
                    }
                ]
            }
        }
    }
}