{
  "format_version": "1.21.50",
  "minecraft:block": {
    "description": {
      "identifier": "betterend:lucernia_outer_leaves",
      "traits": {
        "minecraft:placement_direction": {
          "enabled_states": ["minecraft:facing_direction"]
        }
      },
      "states": {
        "betterend:random": [
          0, 1, 2
        ]
      }
    },
    "permutations": [
      {
        "condition": "q.block_state('betterend:random') == 0",
        "components": {
          "minecraft:material_instances": {
            "*": {
              "texture": "lucernia_outer_leaves_1",
              "render_method": "alpha_test_single_sided",
              "ambient_occlusion": false,
              "face_dimming": false
            }
          }
        }
      },
      {
        "condition": "q.block_state('betterend:random') == 1",
        "components": {
          "minecraft:material_instances": {
            "*": {
              "texture": "lucernia_outer_leaves_2",
              "render_method": "alpha_test_single_sided",
              "ambient_occlusion": false,
              "face_dimming": false
            }
          }
        }
      },
      {
        "condition": "q.block_state('betterend:random') == 2",
        "components": {
          "minecraft:material_instances": {
            "*": {
              "texture": "lucernia_outer_leaves_3",
              "render_method": "alpha_test_single_sided",
              "ambient_occlusion": false,
              "face_dimming": false
            }
          }
        }
      },
      {
        "condition": "q.block_state('minecraft:facing_direction') == 'down'",
        "components": {
          "minecraft:selection_box": {
            "origin": [-8, 0, -8],
            "size": [16, 16, 6]
          },
          "minecraft:transformation": { "rotation": [-90, 0, 0] }
        }
      },
      {
        "condition": "q.block_state('minecraft:facing_direction') == 'up'",
        "components": {
          "minecraft:selection_box": {
            "origin": [-8, 0, -8],
            "size": [16, 16, 6]
          },
          "minecraft:transformation": { "rotation": [90, 0, 0] }
        }
      },
      {
        "condition": "q.block_state('minecraft:facing_direction') == 'north'",
        "components": {
          "minecraft:selection_box": {
            "origin": [-8, 0, -8],
            "size": [16, 16, 6]
          },
          "minecraft:transformation": { "rotation": [0, 0, 0] }
        }
      },
      {
        "condition": "q.block_state('minecraft:facing_direction') == 'west'",
        "components": {
          "minecraft:selection_box": {
            "origin": [-8, 0, -8],
            "size": [16, 16, 6]
          },
          "minecraft:transformation": { "rotation": [0, 90, 0] }
        }
      },
      {
        "condition": "q.block_state('minecraft:facing_direction') == 'south'",
        "components": {
          "minecraft:selection_box": {
            "origin": [-8, 0, -8],
            "size": [16, 16, 6]
          },
          "minecraft:transformation": { "rotation": [0, 180, 0] }
        }
      },
      {
        "condition": "q.block_state('minecraft:facing_direction') == 'east'",
        "components": {
          "minecraft:selection_box": {
            "origin": [-8, 0, -8],
            "size": [16, 16, 6]
          },
          "minecraft:transformation": { "rotation": [0, -90, 0] }
        }
      }
    ],
    "components": {
      "minecraft:selection_box": {
        "origin": [-8, 0, -8],
        "size": [16, 8, 16]
      },
      "minecraft:geometry": "geometry.glowing_pillar_leaves_top",
      "minecraft:placement_filter": {
        "conditions": [
          {
            "block_filter": ["betterend:lucernia_leaves"]
          }
        ]
      },
      "minecraft:custom_components": [ "betterend:lucernia_index" ],
      "minecraft:flammable": true,
      "minecraft:collision_box": false,
      "minecraft:destructible_by_explosion": true,
      "minecraft:destructible_by_mining": true
    }
  }
}
