{
    "format_version": "1.21.50",
    "minecraft:block": {
        "description": {
            "identifier": "betterend:pythadendron_chair",
            "traits": {
                "minecraft:placement_direction": {
                    "enabled_states": [
                        "minecraft:cardinal_direction"
                    ],
                    "y_rotation_offset": 180
                }
            }
        },
        "permutations": [
            {
                "condition": "q.block_state('minecraft:cardinal_direction') == 'north'",
                "components": {
                    "minecraft:transformation": {
                        "rotation": [
                            0,
                            0,
                            0
                        ]
                    }
                }
            },
            {
                "condition": "q.block_state('minecraft:cardinal_direction') == 'west'",
                "components": {
                    "minecraft:transformation": {
                        "rotation": [
                            0,
                            90,
                            0
                        ]
                    }
                }
            },
            {
                "condition": "q.block_state('minecraft:cardinal_direction') == 'south'",
                "components": {
                    "minecraft:transformation": {
                        "rotation": [
                            0,
                            180,
                            0
                        ]
                    }
                }
            },
            {
                "condition": "q.block_state('minecraft:cardinal_direction') == 'east'",
                "components": {
                    "minecraft:transformation": {
                        "rotation": [
                            0,
                            -90,
                            0
                        ]
                    }
                }
            }
        ],
        "components": {
            "tag:wood": {},
            "tag:minecraft:is_axe_item_destructible": {},
            "minecraft:custom_components": [
                "betterend:can_sit"
            ],
            "minecraft:geometry": "geometry.betterend_chair",
            "minecraft:material_instances": {
                "*": {
                    "texture": "planks_pythadendron",
                    "render_method": "opaque"
                }
            },
            "minecraft:destructible_by_explosion": {
                "explosion_resistance": 2
            },
            "minecraft:destructible_by_mining": {
                "seconds_to_destroy": 3
            },
            "minecraft:selection_box": {
                "origin": [
                    -5,
                    0,
                    -5
                ],
                "size": [
                    10,
                    10,
                    10
                ]
            },
            "minecraft:collision_box": {
                "origin": [
                    -5,
                    0,
                    -5
                ],
                "size": [
                    10,
                    10,
                    10
                ]
            }
        }
    }
}