{
  "format_version": "1.21.0",
  "minecraft:single_block_feature": {
    "description": {
      "identifier": "betterend:amber_land/foliage/amber_root_single_block_feature"
    },
    "places_block": {
      "name": "betterend:amber_root_seed",
      "states": {
        "betterend:growth": 3
      }
    },
    "enforce_survivability_rules": false,
    "enforce_placement_rules": true,
    "may_replace": [
      "minecraft:air"
    ],
    "may_attach_to": {
      "bottom": [
        "betterend:amber_moss"
      ]
    }
  }
}
