{
  "format_version": "1.21.0",
  "minecraft:scatter_feature": {
    "description": {
      "identifier": "betterend:amber_land/foliage/amber_foliage_scatter_feature"
    },
    "iterations": 1,
    "scatter_chance": "variable.is_legacy ? 0.0 : 100.0",
    "x": {
        "distribution": "uniform",
        "extent": [ 0, "t.ExtentPlant" ]
      },
    "z": {
        "distribution": "uniform",
        "extent": [ 0, "t.ExtentPlant" ]
      },
    "y": 0,
    "places_feature": "betterend:amber_land/foliage/amber_foliage_weighted_random_feature"
  }
}
