{
  "format_version": "1.21.40",
  "minecraft:single_block_feature": {
    "description": {
      "identifier": "betterend:amber_land/foliage/amber_grass_single_block_feature"
    },
    "places_block": [
      {
        "block": {
          "name": "betterend:amber_grass",
          "states": {
            "betterend:random": 0
          }
        },
        "weight": 1
      },
      {
        "block": {
          "name": "betterend:amber_grass",
          "states": {
            "betterend:random": 1
          }
        },
        "weight": 1
      }
    ],
    "enforce_survivability_rules": false,
    "enforce_placement_rules": true,
    "may_replace": ["minecraft:air"],
    "may_attach_to": {
      "bottom": ["betterend:amber_moss"]
    }
  }
}
