{
	"format_version": "1.21.0",
	"minecraft:aggregate_feature": {
		"description": {
			"identifier": "betterend:amber_land/foliage/glowing_pillar_2_leaves_aggregate_feature"
		},
		"features": [
			"betterend:amber_land/foliage/glowing_pillar_leaves_2_north_scatter_feature",
			"betterend:amber_land/foliage/glowing_pillar_leaves_2_south_scatter_feature",
			"betterend:amber_land/foliage/glowing_pillar_leaves_2_west_scatter_feature",
			"betterend:amber_land/foliage/glowing_pillar_leaves_2_east_scatter_feature", 
			"betterend:amber_land/foliage/glowing_pillar_leaves_2_up_scatter_feature"
		]
	}
}