{
	"format_version": "1.21.0",
	"minecraft:aggregate_feature": {
		"description": {
			"identifier": "betterend:amber_land/foliage/glowing_pillar_1_leaves_aggregate_feature"
		},
		"features": [
			"betterend:amber_land/foliage/glowing_pillar_leaves_1_north_scatter_feature",
			"betterend:amber_land/foliage/glowing_pillar_leaves_1_south_scatter_feature",
			"betterend:amber_land/foliage/glowing_pillar_leaves_1_west_scatter_feature",
			"betterend:amber_land/foliage/glowing_pillar_leaves_1_east_scatter_feature",
			"betterend:amber_land/foliage/glowing_pillar_leaves_1_up_scatter_feature"
		]
	}
}