{
  "format_version": "1.21.0",
  "minecraft:single_block_feature": {
    "description": {
      "identifier": "betterend:amber_land/foliage/glowing_pillar_leaves_single_block_feature"
    },
    "places_block": {
      "name": "betterend:glowing_pillar_leaves"
    },
    "enforce_survivability_rules": true,
    "enforce_placement_rules": true,
    "may_replace": ["minecraft:air"],
    "may_attach_to": {
      "auto_rotate":true,
      "sides": ["betterend:glowing_pillar_luminophor"],
      "min_sides_must_attach": 1
    }
  }
}
