{
  "format_version": "1.21.0",
  "minecraft:single_block_feature": {
    "description": {
      "identifier": "betterend:amber_land/foliage/lanceleaf_top_single_block_feature"
    },
    "places_block": {
      "name": "betterend:lanceleaf_seed",
      "states": {
        "betterend:growth": 8
      }
    },
    "enforce_survivability_rules": true,
    "enforce_placement_rules": true,
    "may_replace": ["minecraft:air"], 
    "may_attach_to": {"bottom": [{
      "name": "betterend:lanceleaf_seed",
      "states": {
        "betterend:growth":  7
      }
    }, 
    {
      "name": "betterend:lanceleaf_seed",
      "states": {
        "betterend:growth":  6
      }
    }, 
    {
      "name": "betterend:lanceleaf_seed",
      "states": {
        "betterend:growth":  5
      }
    }]}
  }
}
