{
  "format_version": "1.21.0",
  "minecraft:scatter_feature": {
    "description": {
      "identifier": "betterend:amber_land/foliage/lanceleaf_scatter_feature"
    },
    "iterations": "return 2 * t.SizePlant;",
    "coordinate_eval_order": "zyx",
    "x": {
      "extent": [ "-t.SizePlant", "t.SizePlant" ],
      "distribution": "triangle"
    },
    "z": {
      "extent": [ "-t.SizePlant", "t.SizePlant" ],
      "distribution": "triangle"
    },
    "y": 0,
    "project_input_to_floor": false,
    "places_feature": "betterend:amber_land/foliage/lanceleaf_snap_to_floor_feature"
  }
}

