{
  "format_version": "1.21.0",
  "minecraft:growing_plant_feature": {
    "description": {
      "identifier": "betterend:amber_land/foliage/lanceleaf_middle_and_pre_top_feature"
    },
    "height_distribution": [
      [{ "range_min": 1, "range_max": 2 }, 1],
      [{ "range_min": 2, "range_max": 3 }, 2]
    ],
    "growth_direction": "UP",
    "age": {"range_min": 1, "range_max": 3},
    "body_blocks": [
      [
        {
          "name": "betterend:lanceleaf_seed",
          "states": {
            "betterend:growth": 6, 
            "minecraft:cardinal_direction": "west"
          }
        },
        1
      ]
    ],
    "head_blocks": [
      [
        {
          "name": "betterend:lanceleaf_seed",
          "states": {
            "betterend:growth": 7, 
            "minecraft:cardinal_direction": "west"
          }
        },
        1
      ]
    ],
    "allow_water": false
  }
}