{
  "format_version": "1.21.0",
  "minecraft:single_block_feature": {
    "description": {
      "identifier": "betterend:amber_land/foliage/lanceleaf_seed_lower_single_block_feature"
    },
    "places_block": {
      "name": "betterend:lanceleaf_seed",
      "states": {
        "betterend:growth":  4
      }
    },
    "enforce_survivability_rules": true,
    "enforce_placement_rules": true,
    "may_replace": ["minecraft:air"],
    "may_attach_to": {"bottom": [{
      "name": "betterend:amber_moss",
      "states": {
        "betterend:biomes": "amberland"
      }
    }]}
  }
}
