{
	"format_version": "1.16.0",
	"minecraft:entity": {
		"description": {
			"identifier": "betterend:cubozoa",
			"is_spawnable": true,
			"is_summonable": true,
			"is_experimental": false,
			"runtime_identifier": "minecraft:cod"
		},
		"component_groups": {},
		"events": {},
		"components": {
			"minecraft:type_family": {
				"family": [
					"fish",
					"cubozoa"
				]
			},
			"minecraft:physics": {
				"has_collision": true,
				"has_gravity": true
			},
			"minecraft:pushable": {
				"is_pushable": true,
				"is_pushable_by_piston": true
			},
			"minecraft:nameable": {},
			"minecraft:collision_box": {
				"width": 0.8,
				"height": 0.8
			},
			"minecraft:movement.basic": {},
			"minecraft:health": {
				"value": 6,
				"max": 6
			},
			"minecraft:hurt_on_condition": {
				"damage_conditions": [
					{
						"filters": {
							"test": "in_lava",
							"subject": "self",
							"operator": "==",
							"value": true
						},
						"cause": "lava",
						"damage_per_tick": 4
					}
				]
			},
			"minecraft:behavior.look_at_player": {
				"priority": 8,
				"look_distance": 6,
				"probability": 0.02
			},
			"minecraft:behavior.random_look_around": {
				"priority": 9
			},
			"minecraft:underwater_movement": {
				"value": 0.3
			},
			"minecraft:behavior.move_to_water": {
				"priority": 5,
				"speed_multiplier": 0.05
			},
			"minecraft:behavior.random_swim": {
				"priority": 5,
				"interval": 0,
				"xz_dist": 20
			},
			"minecraft:movement": {
				"value": 0.05
			},
			"minecraft:navigation.generic": {
				"is_amphibious": true,
				"can_path_over_water": false,
				"can_swim": true,
				"can_walk": false
			},
			"minecraft:breathable": {
				"total_supply": 15,
				"suffocate_time": 0,
				"breathes_air": false,
				"breathes_water": true
			},
			"minecraft:behavior.avoid_mob_type": {
				"priority": 1,
				"entity_types": [
					{
						"filters": {
							"all_of": [
								{
									"test": "is_family",
									"subject": "other",
									"value": "player"
								},
								{
									"test": "is_family",
									"subject": "other",
									"value": "end_fish"
								}
							]
						}
					}
				]
			},
			"minecraft:jump.static": {}
		}
	}
}