{
	"format_version": "1.16.0",
	"minecraft:entity": {
		"description": {
			"identifier": "betterend:end_fish",
			"is_spawnable": true,
			"is_summonable": true,
			"is_experimental": false,
			"runtime_identifier": "minecraft:cod"
		},
		"component_groups": {
			"end_fish": {
				"minecraft:variant": {
					"value": 0
				}
			},
			"end_fish2": {
				"minecraft:variant": {
					"value": 1
				}
			},
			"end_fish3": {
				"minecraft:variant": {
					"value": 2
				}
			},
			"end_fish4": {
				"minecraft:variant": {
					"value": 3
				}
			},
			"end_fish5": {
				"minecraft:variant": {
					"value": 4
				}
			},
			"end_fish6": {
				"minecraft:variant": {
					"value": 5
				}
			},
			"end_fish7": {
				"minecraft:variant": {
					"value": 6
				}
			},
			"end_fish8": {
				"minecraft:variant": {
					"value": 7
				}
			}
		},
		"events": {
			"minecraft:entity_spawned": {
				"sequence": [
					{
						"randomize": [
							{
								"weight": 1,
								"add": {
									"component_groups": [
										"end_fish"
									]
								}
							},
							{
								"weight": 1,
								"add": {
									"component_groups": [
										"end_fish2"
									]
								}
							},
							{
								"weight": 1,
								"add": {
									"component_groups": [
										"end_fish3"
									]
								}
							},
							{
								"weight": 1,
								"add": {
									"component_groups": [
										"end_fish4"
									]
								}
							},
							{
								"weight": 1,
								"add": {
									"component_groups": [
										"end_fish5"
									]
								}
							},
							{
								"weight": 1,
								"add": {
									"component_groups": [
										"end_fish6"
									]
								}
							},
							{
								"weight": 1,
								"add": {
									"component_groups": [
										"end_fish7"
									]
								}
							},
							{
								"weight": 1,
								"add": {
									"component_groups": [
										"end_fish8"
									]
								}
							}
						]
					}
				]
			}
		},
		"components": {
			"minecraft:type_family": {
				"family": [
					"fish",
					"end_fish"
				]
			},
			"minecraft:is_hidden_when_invisible": {},
			"minecraft:experience_reward": {
				"on_death": "query.last_hit_by_player?math.random(1,3):0"
			},
			"minecraft:collision_box": {
				"width": 0.5,
				"height": 0.5
			},
			"minecraft:breathable": {
				"total_supply": 15,
				"suffocate_time": 0,
				"breathes_air": false,
				"breathes_water": true
			},
			"minecraft:health": {
				"value": 3,
				"max": 3
			},
			"minecraft:hurt_on_condition": {
				"damage_conditions": [
					{
						"filters": {
							"test": "in_lava",
							"subject": "self",
							"operator": "==",
							"value": true
						},
						"cause": "lava",
						"damage_per_tick": 4
					}
				]
			},
			"minecraft:movement": {
				"value": 0.12
			},
			"minecraft:underwater_movement": {
				"value": 0.12
			},
			"minecraft:navigation.generic": {
				"is_amphibious": false,
				"can_path_over_water": false,
				"can_swim": true,
				"can_walk": false,
				"can_breach": false,
				"can_sink": false
			},
			"minecraft:movement.sway": {
				"sway_amplitude": 0
			},
			"minecraft:physics": {
				"has_gravity": false
			},
			"minecraft:pushable": {
				"is_pushable": true,
				"is_pushable_by_piston": true
			},
			"minecraft:behavior.avoid_mob_type": {
				"priority": 1,
				"entity_types": [
					{
						"filters": {
							"any_of": [
								{
									"test": "is_family",
									"subject": "other",
									"value": "player"
								},
								{
									"test": "is_family",
									"subject": "other",
									"value": "axolotl"
								}
							]
						},
						"max_dist": 3,
						"max_flee": 10,
						"walk_speed_multiplier": 1.5,
						"sprint_speed_multiplier": 2
					}
				]
			},
			"minecraft:behavior.swim_idle": {
				"priority": 5,
				"idle_time": 5,
				"success_rate": 0.1
			},
			"minecraft:behavior.random_swim": {
				"speed_multiplier": 1,
				"priority": 3,
				"xz_dist": 16,
				"y_dist": 4,
				"interval": 0
			},
			"minecraft:behavior.swim_wander": {
				"priority": 4,
				"interval": 0.0166,
				"look_ahead": 5,
				"speed_multiplier": 0.014,
				"wander_time": 5
			},
			"minecraft:flocking": {
				"in_water": true,
				"match_variants": false,
				"use_center_of_mass": false,
				"low_flock_limit": 4,
				"high_flock_limit": 8,
				"goal_weight": 2,
				"loner_chance": 0.1,
				"influence_radius": 3,
				"breach_influence": 7,
				"separation_weight": 0.65,
				"separation_threshold": 0.15,
				"cohesion_weight": 2.25,
				"cohesion_threshold": 1.5,
				"innner_cohesion_threshold": 1.5,
				"min_height": 4,
				"max_height": 4,
				"block_distance": 1,
				"block_weight": 0.75
			},
			"minecraft:nameable": {},
			"minecraft:conditional_bandwidth_optimization": {}
		}
	}
}