{
	"format_version": "1.17.0",
	"minecraft:entity": {
		"description": {
			"identifier": "betterend:eternal_crystal_entity",
			"is_experimental": false,
			"is_summonable": true,
			"is_spawnable": false
		},
		"component_groups": {
			"despawn": {
				"minecraft:instant_despawn": {}
			}
		},
		"components": {
			"minecraft:type_family": {
				"family": [
					"eternal_crystal"
				]
			},
			"minecraft:knockback_resistance": {
				"value": 1
			},
			"minecraft:pushable": {
				"is_pushable": false,
				"is_pushable_by_piston": false
			},
			"minecraft:collision_box": {
				"height": 0,
				"width": 0
			},
			"minecraft:health": {
				"value": 1
			},
			"minecraft:damage_sensor": {
				"triggers": [
					{
						"cause": "all",
						"deals_damage": false
					}
				]
			}
		},
		"events": {
			"despawn": {
				"add": {
					"component_groups": [
						"despawn"
					]
				}
			}
		}
	}
}