{
    "format_version": "1.19.0",
    "minecraft:entity": {
        "description": {
            "identifier": "custom:hitbox",
            "is_summonable": true,
            "is_spawnable": false,
            "runtime_identifier": "minecraft:boat"
        },
        "component_groups": {
            "despawn": {
                "minecraft:instant_despawn": {
                    "remove_child_entities": false
                }
            }
        },
        "components": {
            "minecraft:timer": {
                "time": 0.1,
                "looping": true,
                "time_down_event": {
                    "event": "despawn",
                    "target": "self"
                }
            },
            "minecraft:collision_box": {
                "height": 0.6,
                "width": 0.3
            },
            "minecraft:health": {
                "value": 1,
                "max": 1
            },
            "minecraft:damage_sensor": {
                "triggers": [
                    {
                        "cause": "all",
                        "deals_damage": false
                    }
                ]
            }
        },
        "events": {
            "despawn": {
                "add": {
                    "component_groups": [
                        "despawn"
                    ]
                }
            }
        }
    }
}