{
    "format_version": "1.19.0",
    "minecraft:entity": {
        "description": {
            "identifier": "betterend:portal",
            "is_spawnable": false,
            "is_summonable": true
        },
        "component_groups": {
            "despawn": {
                "minecraft:instant_despawn": {}
            }
        },
        "components": {
            "minecraft:collision_box": {
                "height": 0,
                "width": 0
            },
            "minecraft:health": {
                "min": 1,
                "value": 1
            },
            "minecraft:damage_sensor": {
                "triggers": [
                    {
                        "cause": "all",
                        "deals_damage": "no"
                    }
                ]
            }
        },
        "events": {
            "despawn": {
                "add": {
                    "component_groups": [
                        "despawn"
                    ]
                }
            }
        }
    }
}