{
    "format_version": "1.21.90",
    "minecraft:entity": {
        "description": {
            "identifier": "betterend:stairs_collision",
            "is_spawnable": false,
            "is_summonable": true
        },
        "component_groups": {
            "despawn": {
                "minecraft:instant_despawn": {
                    "remove_child_entities": false
                }
            }
        },
        "components": {
            "minecraft:custom_hit_test": {
                "hitboxes": [
                    {
                        "width": 0,
                        "height": 0,
                        "pivot": [
                            0,
                            0,
                            0
                        ]
                    }
                ]
            },
            "minecraft:timer": {
                "time": 0,
                "looping": true,
                "time_down_event": {
                    "event": "despawn",
                    "target": "self"
                }
            },
            "minecraft:damage_sensor": {
                "triggers": [
                    {
                        "cause": "all",
                        "deals_damage": "no"
                    }
                ]
            },
            "minecraft:health": {
                "value": 1,
                "max": 1
            },
            "minecraft:collision_box": {
                "height": 0.5,
                "width": 0.3
            },
            "minecraft:is_collidable": {}
        },
        "events": {
            "despawn": {
                "add": {
                    "component_groups": [
                        "despawn"
                    ]
                }
            }
        }
    }
}