{
    "format_version": "1.21.50",
    "minecraft:block": {
        "description": {
            "identifier": "betterend:budding_smaragdant_crystal",
            "menu_category": {
                "category": "nature"
            }
        },
        "components": {
            "minecraft:tick": {
                "interval_range": [ 20000, 40000 ],
                "looping": true
            },
            "minecraft:custom_components": [ "betterend:budding_smaragdant_crystal" ],
            "tag:metal": {},
            "minecraft:destructible_by_mining": {
                "seconds_to_destroy": 5
            },
            "minecraft:destructible_by_explosion": {
                "explosion_resistance": 5
            },
            "minecraft:flammable": false
        }
    }
}