{
    "format_version": "1.21.50",
    "minecraft:block": {
        "description": {
            "identifier": "betterend:smaragdant_crystal_shard",
            "traits": {
                "minecraft:placement_direction": {
                    "enabled_states": [
                        "minecraft:facing_direction"
                    ]
                }
            }
        },
        "permutations": [
            {
                "condition": "q.block_state('minecraft:facing_direction') == 'down'",
                "components": {
                    "minecraft:transformation": {
                        "rotation": [
                            -90,
                            0,
                            0
                        ]
                    }
                }
            },
            {
                "condition": "q.block_state('minecraft:facing_direction') == 'up'",
                "components": {
                    "minecraft:transformation": {
                        "rotation": [
                            90,
                            0,
                            0
                        ]
                    }
                }
            },
            {
                "condition": "q.block_state('minecraft:facing_direction') == 'north'",
                "components": {
                    "minecraft:transformation": {
                        "rotation": [
                            0,
                            0,
                            0
                        ]
                    }
                }
            },
            {
                "condition": "q.block_state('minecraft:facing_direction') == 'west'",
                "components": {
                    "minecraft:transformation": {
                        "rotation": [
                            0,
                            90,
                            0
                        ]
                    }
                }
            },
            {
                "condition": "q.block_state('minecraft:facing_direction') == 'south'",
                "components": {
                    "minecraft:transformation": {
                        "rotation": [
                            0,
                            180,
                            0
                        ]
                    }
                }
            },
            {
                "condition": "q.block_state('minecraft:facing_direction') == 'east'",
                "components": {
                    "minecraft:transformation": {
                        "rotation": [
                            0,
                            -90,
                            0
                        ]
                    }
                }
            }
        ],
        "components": {
            "tag:metal": {},
            "minecraft:placement_filter": {
                "conditions": [
                    {
                        "block_filter": [
                            "betterend:budding_smaragdant_crystal",
                            "betterend:smaragdant_crystal",
                            "betterend:virid_jadestone",
                            "betterend:azure_jadestone",
                            "betterend:sandy_jadestone"
                        ]
                    }
                ]
            },
            "minecraft:material_instances": {
                "*": {
                    "texture": "smaragdant_crystal_shard",
                    "ambient_occlusion": false,
                    "face_dimming": false,
                    "render_method": "alpha_test_single_sided"
                }
            },
            "minecraft:selection_box": {
                "origin": [
                    -5,
                    2,
                    -4
                ],
                "size": [
                    10,
                    12,
                    12
                ]
            },
            "minecraft:collision_box": {
                "origin": [
                    -5,
                    2,
                    -4
                ],
                "size": [
                    10,
                    12,
                    12
                ]
            },
            "minecraft:geometry": "geometry.smaragdant_crystal_shard",
            "minecraft:destructible_by_mining": {
                "seconds_to_destroy": 5
            },
            "minecraft:destructible_by_explosion": {
                "explosion_resistance": 5
            },
            "minecraft:flammable": false
        }
    }
}