{
    "format_version": "1.21.80",
    "minecraft:block": {
        "description": {
            "identifier": "betterend:portal"
        },
        "components": {
            "minecraft:custom_components": [
                "betterend:portal"
            ],
            "minecraft:tick": {
                "interval_range": [
                    10, 10
                ],
                "looping": true
            },
            "minecraft:geometry": "geometry.betterend_portal",
            "minecraft:material_instances": {
                "*": {
                    "texture": "betterend_portal",
                    "render_method": "blend",
                    "ambient_occlusion": false,
                    "face_dimming": false
                },
                "air": {
                    "texture": "air",
                    "render_method": "blend"
                },
                "portal": {
                    "texture": "betterend_portal",
                    "render_method": "blend",
                    "ambient_occlusion": false,
                    "face_dimming": false
                }
            },
            "minecraft:selection_box": {
                "origin": [
                    -1,
                    0,
                    -8
                ],
                "size": [
                    2,
                    16,
                    16
                ]
            },
            "minecraft:collision_box": false,
            "minecraft:movable": {
                "movement_type": "immovable"
            },
            "minecraft:light_emission": 15,
            "minecraft:destructible_by_mining": false,
            "minecraft:destructible_by_explosion": false,
            "minecraft:flammable": false
        }
    }
}