{
  "format_version": "1.20.81",
  "minecraft:block": {
    "description": {
      "identifier": "betterend:jungle_vine",
      "states": {
        "betterend:top": [false, true]
      }
    },
    "permutations": [
      {
        "condition": "q.block_state('betterend:top') == true",
        "components": {
          "minecraft:material_instances": {
            "*": {
              "texture": "jungle_vine_bottom",
              "render_method": "alpha_test_single_sided",
              "ambient_occlusion": false,
              "face_dimming": false
            }
          },
          "minecraft:placement_filter": {
            "conditions": [
                {
                    "block_filter": [
                        "betterend:jungle_vine",
                        "betterend:umbrella_tree_membrane"
                    ],
                    "allowed_faces": [
                        "down"
                    ]
                }
            ]
          }
        }
      },
      {
        "condition": "q.block_state('betterend:top') == false",
        "components": {
          "minecraft:material_instances": {
            "*": {
              "texture": "jungle_vine",
              "render_method": "alpha_test_single_sided",
              "ambient_occlusion": false,
              "face_dimming": false
            }
          },
          "minecraft:placement_filter": {
            "conditions": [
                {
                    "block_filter": [
                        "betterend:jungle_vine",
                        "betterend:umbrella_tree_membrane"
                    ],
                    "allowed_faces": [
                        "down"
                    ]
                }
            ]
          }
        }
      }
    ],
    "components": {
      "tag:betterend:can_climb": {},
      "minecraft:custom_components": ["betterend:jungle_vine"],
      "minecraft:tick": {
        "interval_range": [10, 10],
        "looping": true
      },
      "minecraft:destructible_by_mining": true,
      "minecraft:destructible_by_explosion": true,
      "minecraft:collision_box": false,
      "minecraft:selection_box": {
        "origin": [-6, 0, -6],
        "size": [12, 16, 12]
      },
      "minecraft:flammable": true,
      "minecraft:loot": "loot_tables/empty.json",
      "minecraft:light_emission": 10,
      "minecraft:geometry": "geometry.random_model2"
    }
  }
}
