{
  "format_version": "1.21.0",
  "minecraft:block": {
    "description": {
      "identifier": "betterend:end_lotus_stem_plant",
      "states": { // 0 stem, 1 stem roots, 2 stem top
        "betterend:stem": [
          0,
          1,
          2
        ]
      }
    },
    "permutations": [
      {
        "condition": "q.block_state('betterend:stem') == 0",
        "components": {
          "tag:wood": {},
          "minecraft:tick": {
            "interval_range": [ 5, 5 ],
            "looping": false
          },
          "minecraft:geometry": "geometry.end_lotus_stem",
          "minecraft:collision_box": {
            "origin": [
              -2,
              0,
              -2
            ],
            "size": [
              4,
              16,
              4
            ]
          },
          "minecraft:selection_box": {
            "origin": [
              -2,
              0,
              -2
            ],
            "size": [
              4,
              16,
              4
            ]
          }
        }
      },
      {
        "condition": "q.block_state('betterend:stem') == 1",
        "components": {
          "minecraft:geometry": "geometry.end_lotus_roots",
          "minecraft:tick": {
            "interval_range": [
              5,
              5
            ],
            "looping": false
          },
          "minecraft:placement_filter": {
            "conditions": [
              {
                "allowed_faces": [
                  "up"
                ],
                "block_filter": [
                  "betterend:endstone_dust",
                  "minecraft:end_stone"
                ]
              }
            ]
          },
          "minecraft:collision_box": {
            "origin": [
              -2,
              0,
              -2
            ],
            "size": [
              4,
              16,
              4
            ]
          },
          "minecraft:selection_box": {
            "origin": [
              -2,
              0,
              -2
            ],
            "size": [
              4,
              16,
              4
            ]
          }
        }
      },
      {
        "condition": "q.block_state('betterend:stem') == 2",
        "components": {
          "minecraft:geometry": "geometry.end_lotus_stem_top",
          "minecraft:collision_box": {
            "origin": [
              -3,
              0,
              -3
            ],
            "size": [
              6,
              16,
              6
            ]
          },
          "minecraft:selection_box": {
            "origin": [
              -3,
              0,
              -3
            ],
            "size": [
              6,
              16,
              6
            ]
          }
        }
      }
    ],
    "components": {
      "minecraft:custom_components": [
        "betterend:end_lotus_flower"
      ],
      "minecraft:material_instances": {
        "*": {
          "texture": "end_lotus",
          "ambient_occlusion": false,
          "face_dimming": false,
          "render_method": "alpha_test_single_sided"
        }
      },
      "minecraft:liquid_detection": {
        "detection_rules": [
          {
            "can_contain_liquid": true,
            "liquid_type": "water",
            "on_liquid_touches": "no_reaction"
          }
        ]
      },
      "minecraft:loot": "loot_tables/empty.json",
      "minecraft:geometry": "geometry.random_model2",
      "minecraft:destructible_by_explosion": true,
      "minecraft:destructible_by_mining": true,
      "minecraft:collision_box": false
    }
  }
}