{
  "format_version": "1.21.0",
  "minecraft:block": {
    "description": {
      "identifier": "betterend:end_lotus_stem",
      "traits": {
        "minecraft:placement_direction": {
          "enabled_states": [
            "minecraft:facing_direction"
          ]
        }
      }
    },
    "permutations": [
      {
        "condition": "q.block_state('minecraft:facing_direction') == 'down'",
        "components": {
          "minecraft:transformation": {
            "rotation": [
              -90,
              0,
              0
            ]
          }
        }
      },
      {
        "condition": "q.block_state('minecraft:facing_direction') == 'up'",
        "components": {
          "minecraft:transformation": {
            "rotation": [
              90,
              0,
              0
            ]
          }
        }
      },
      {
        "condition": "q.block_state('minecraft:facing_direction') == 'north'",
        "components": {
          "minecraft:transformation": {
            "rotation": [
              0,
              0,
              0
            ]
          }
        }
      },
      {
        "condition": "q.block_state('minecraft:facing_direction') == 'west'",
        "components": {
          "minecraft:transformation": {
            "rotation": [
              0,
              90,
              0
            ]
          }
        }
      },
      {
        "condition": "q.block_state('minecraft:facing_direction') == 'south'",
        "components": {
          "minecraft:transformation": {
            "rotation": [
              0,
              180,
              0
            ]
          }
        }
      },
      {
        "condition": "q.block_state('minecraft:facing_direction') == 'east'",
        "components": {
          "minecraft:transformation": {
            "rotation": [
              0,
              -90,
              0
            ]
          }
        }
      }
    ],
    "components": {
      "minecraft:material_instances": {
        "*": {
          "texture": "end_lotus",
          "ambient_occlusion": false,
          "face_dimming": false,
          "render_method": "alpha_test_single_sided"
        }
      },
      "minecraft:liquid_detection": {
        "detection_rules": [
          {
            "can_contain_liquid": true,
            "liquid_type": "water",
            "on_liquid_touches": "no_reaction"
          }
        ]
      },
      "minecraft:loot": "loot_tables/empty.json",
      "minecraft:geometry": "geometry.end_lotus_stem_block",
      "minecraft:destructible_by_explosion": true,
      "minecraft:destructible_by_mining": true,
      "minecraft:collision_box": false
    }
  }
}