{
    "format_version": "1.21.0",
    "minecraft:block": {
      "description": {
        "identifier": "betterend:end_moss",
        "menu_category": {
          "category": "nature"
        },
        "states": {
          "betterend:biomes": [
            "none",
            "foggy_mushroomland",
            "megalakes_grove",
            "glowing_grasslands",
            "neon_oasis",
            "crystal_mountains"
          ]
        }
      },
      "permutations": [
        {
          "condition": "q.block_state('betterend:biomes') == 'none'",
          "components": {
            "tag:none": {}
          }
        },
        {
          "condition": "q.block_state('betterend:biomes') == 'foggy_mushroomland'",
          "components": {
            "tag:foggy_mushroomland": {}
          }
        },
        {
          "condition": "q.block_state('betterend:biomes') == 'megalakes_grove'",
          "components": {
            "tag:megalakes_grove": {}
          }
        },
        {
          "condition": "q.block_state('betterend:biomes') == 'glowing_grasslands'",
          "components": {
            "tag:glowing_grasslands": {}
          }
        },
        {
          "condition": "q.block_state('betterend:biomes') == 'neon_oasis'",
          "components": {
            "tag:neon_oasis": {}
          }
        },
        {
          "condition": "q.block_state('betterend:biomes') == 'crystal_mountains'",
          "components": {
            "tag:crystal_mountains": {}
          }
        }
      ],
      "components": {
        "tag:grass": {},
        "minecraft:destructible_by_explosion": {
          "explosion_resistance": 0.5
        },
        "minecraft:destructible_by_mining": {
          "seconds_to_destroy": 1
        },
        "minecraft:flammable": false,
        "minecraft:map_color": "#00dcdf"
      }
    }
  }