{
  "format_version": "1.21.0",
  "minecraft:block": {
    "description": {
      "identifier": "betterend:lumecorn_seed",
      "states": {
        "betterend:growth": [
          0,
          1,
          2,
          3,
          4,
          5,
          6
        ]
      },
      "traits": {
        "minecraft:placement_direction": {
          "enabled_states": [
            "minecraft:cardinal_direction"
          ],
          "y_rotation_offset": 180
        }
      }
    },
    "permutations": [
      {
        "condition": "q.block_state('minecraft:cardinal_direction') == 'north'",
        "components": {
          "minecraft:transformation": {
            "rotation": [
              0,
              0,
              0
            ]
          }
        }
      },
      {
        "condition": "q.block_state('minecraft:cardinal_direction') == 'west'",
        "components": {
          "minecraft:transformation": {
            "rotation": [
              0,
              90,
              0
            ]
          }
        }
      },
      {
        "condition": "q.block_state('minecraft:cardinal_direction') == 'south'",
        "components": {
          "minecraft:transformation": {
            "rotation": [
              0,
              180,
              0
            ]
          }
        }
      },
      {
        "condition": "q.block_state('minecraft:cardinal_direction') == 'east'",
        "components": {
          "minecraft:transformation": {
            "rotation": [
              0,
              -90,
              0
            ]
          }
        }
      },
      {
        "condition": "q.block_state('betterend:growth') == 0",
        "components": {
          "minecraft:placement_filter": {
            "conditions": [
              {
                "allowed_faces": [
                  "up"
                ],
                "block_filter": [
                  "betterend:end_moss"
                ]
              }
            ]
          },
          "minecraft:selection_box": {
            "origin": [
              -3,
              0,
              -3
            ],
            "size": [
              6,
              11,
              6
            ]
          },
          "minecraft:material_instances": {
            "*": {
              "texture": "lumecorn_0",
              "render_method": "alpha_test_single_sided",
              "ambient_occlusion": false,
              "face_dimming": false
            }
          }
        }
      },
      {
        "condition": "q.block_state('betterend:growth') == 1",
        "components": {
          "minecraft:placement_filter": {
            "conditions": [
              {
                "allowed_faces": [
                  "up"
                ],
                "block_filter": [
                  "betterend:end_moss"
                ]
              }
            ]
          },
          "minecraft:selection_box": {
            "origin": [
              -3.5,
              0,
              -3.5
            ],
            "size": [
              7,
              12,
              7
            ]
          },
          "minecraft:material_instances": {
            "*": {
              "texture": "lumecorn_1",
              "render_method": "alpha_test_single_sided",
              "ambient_occlusion": false,
              "face_dimming": false
            }
          }
        }
      },
      {
        "condition": "q.block_state('betterend:growth') == 2",
        "components": {
          "minecraft:placement_filter": {
            "conditions": [
              {
                "allowed_faces": [
                  "up"
                ],
                "block_filter": [
                  "betterend:end_moss"
                ]
              }
            ]
          },
          "minecraft:selection_box": {
            "origin": [
              -4,
              0,
              -4
            ],
            "size": [
              8,
              14,
              8
            ]
          },
          "minecraft:material_instances": {
            "*": {
              "texture": "lumecorn_2",
              "render_method": "alpha_test_single_sided",
              "ambient_occlusion": false,
              "face_dimming": false
            }
          }
        }
      },
      {
        "condition": "q.block_state('betterend:growth') == 3",
        "components": {
          "minecraft:placement_filter": {
            "conditions": [
              {
                "allowed_faces": [
                  "up"
                ],
                "block_filter": [
                  "betterend:end_moss"
                ]
              }
            ]
          },
          "minecraft:selection_box": {
            "origin": [
              -4.5,
              0,
              -4.5
            ],
            "size": [
              9,
              16,
              9
            ]
          },
          "minecraft:material_instances": {
            "*": {
              "texture": "lumecorn_3",
              "render_method": "alpha_test_single_sided",
              "ambient_occlusion": false,
              "face_dimming": false
            }
          }
        }
      },
      {
        "condition": "q.block_state('betterend:growth') == 4",
        "components": {
          "minecraft:geometry": "geometry.lumecorn_roots_bottom",
          "minecraft:material_instances": {
            "*": {
              "texture": "lumecorn_roots",
              "render_method": "alpha_test_single_sided",
              "ambient_occlusion": false,
              "face_dimming": false
            }
          },
          "minecraft:selection_box": {
            "origin": [
              -5,
              0,
              -5
            ],
            "size": [
              10,
              16,
              10
            ]
          },
          "minecraft:placement_filter": {
            "conditions": [
              {
                "allowed_faces": [
                  "up"
                ],
                "block_filter": [
                  "betterend:end_moss"
                ]
              }
            ]
          }
        }
      },
      {
        "condition": "q.block_state('betterend:growth') == 5",
        "components": {
          "minecraft:geometry": "geometry.lumecorn_roots_leaf",
          "minecraft:material_instances": {
            "*": {
              "texture": "lumecorn_leaf",
              "render_method": "alpha_test_single_sided",
              "ambient_occlusion": false,
              "face_dimming": false
            }
          },
          "minecraft:selection_box": {
            "origin": [
              -5,
              0,
              -5
            ],
            "size": [
              10,
              16,
              10
            ]
          },
          "minecraft:placement_filter": {
            "conditions": [
              {
                "allowed_faces": [
                  "up"
                ],
                "block_filter": [
                  "betterend:end_moss"
                ]
              }
            ]
          }
        }
      },
      {
        "condition": "q.block_state('betterend:growth') == 6",
        "components": {
          "minecraft:geometry": "geometry.lumecorn_stem_leaf",
          "minecraft:material_instances": {
            "*": {
              "texture": "lumecorn_leaf",
              "render_method": "alpha_test_single_sided",
              "ambient_occlusion": false,
              "face_dimming": false
            }
          },
          "minecraft:selection_box": {
            "origin": [
              -5,
              0,
              -5
            ],
            "size": [
              10,
              16,
              10
            ]
          },
          "minecraft:placement_filter": {
            "conditions": [
              {
                "allowed_faces": [
                  "up"
                ],
                "block_filter": [
                  "betterend:lumecorn_seed"
                ]
              }
            ]
          }
        }
      }
    ],
    "components": {
      "minecraft:custom_components": [
        "betterend:lumecorn_seed"
      ],
      "minecraft:geometry": "geometry.random_model2",
      "minecraft:destructible_by_explosion": true,
      "minecraft:destructible_by_mining": true,
      "minecraft:collision_box": false
    }
  }
}