{
    "format_version": "1.21.0",
    "minecraft:block": {
        "description": {
            "identifier": "betterend:lumecorn_rod",
            "states": {
                "betterend:rod": [
                    0,
                    1,
                    2,
                    3
                ]
            }
        },
        "permutations": [
            {
                "condition": "q.block_state('betterend:rod') == 0",
                "components": {
                    "minecraft:geometry": "geometry.lumecorn_light_bottom",
                    "minecraft:material_instances": {
                        "*": {
                            "texture": "lumecorn_light_bottom",
                            "render_method": "alpha_test_single_sided",
                            "ambient_occlusion": false,
                            "face_dimming": false
                        }
                    },
                    "minecraft:placement_filter": {
                        "conditions": [
                            {
                                "block_filter": [
                                    "betterend:lumecorn_seed"
                                ],
                                "allowed_faces": [
                                    "up"
                                ]
                            }
                        ]
                    },
                    "minecraft:selection_box": {
                        "origin": [
                            -5,
                            0,
                            -5
                        ],
                        "size": [
                            10,
                            16,
                            10
                        ]
                    }
                }
            },
            {
                "condition": "q.block_state('betterend:rod') == 1",
                "components": {
                    "minecraft:geometry": "geometry.lumecorn_light_middle",
                    "minecraft:material_instances": {
                        "*": {
                            "texture": "lumecorn_light_middle",
                            "render_method": "alpha_test_single_sided",
                            "ambient_occlusion": false,
                            "face_dimming": false
                        }
                    },
                    "minecraft:placement_filter": {
                        "conditions": [
                            {
                                "block_filter": [
                                    "betterend:lumecorn_rod"
                                ],
                                "allowed_faces": [
                                    "up"
                                ]
                            }
                        ]
                    },
                    "minecraft:selection_box": {
                        "origin": [
                            -5,
                            0,
                            -5
                        ],
                        "size": [
                            10,
                            16,
                            10
                        ]
                    }
                }
            },
            {
                "condition": "q.block_state('betterend:rod') == 2",
                "components": {
                    "minecraft:geometry": "geometry.lumecorn_light_top_middle",
                    "minecraft:material_instances": {
                        "*": {
                            "texture": "lumecorn_light_top_middle",
                            "render_method": "alpha_test_single_sided",
                            "ambient_occlusion": false,
                            "face_dimming": false
                        }
                    },
                    "minecraft:placement_filter": {
                        "conditions": [
                            {
                                "block_filter": [
                                    "betterend:lumecorn_rod"
                                ],
                                "allowed_faces": [
                                    "up"
                                ]
                            }
                        ]
                    },
                    "minecraft:selection_box": {
                        "origin": [
                            -5,
                            0,
                            -5
                        ],
                        "size": [
                            10,
                            16,
                            10
                        ]
                    }
                }
            },
            {
                "condition": "q.block_state('betterend:rod') == 3",
                "components": {
                    "minecraft:geometry": "geometry.lumecorn_light_top",
                    "minecraft:material_instances": {
                        "*": {
                            "texture": "lumecorn_light_top",
                            "render_method": "alpha_test_single_sided",
                            "ambient_occlusion": false,
                            "face_dimming": false
                        }
                    },
                    "minecraft:placement_filter": {
                        "conditions": [
                            {
                                "block_filter": [
                                    "betterend:lumecorn_rod"
                                ],
                                "allowed_faces": [
                                    "up"
                                ]
                            }
                        ]
                    },
                    "minecraft:selection_box": {
                        "origin": [
                            -3,
                            0,
                            -3
                        ],
                        "size": [
                            6,
                            9,
                            6
                        ]
                    }
                }
            }
        ],
        "components": {
            "minecraft:collision_box": true,
            "minecraft:destructible_by_mining": {
                "seconds_to_destroy": 1
            },
            "minecraft:destructible_by_explosion": true,
            "minecraft:flammable": true,
            "minecraft:light_emission": 15,
            "minecraft:light_dampening": 0
        }
    }
}