{
  "format_version": "1.20.80",
  "minecraft:block": {
    "description": {
      "identifier": "betterend:stripped_lucernia_log",
      "traits": {
        "minecraft:placement_position": {
          "enabled_states": ["minecraft:block_face"]
        }
      }
    },
    "permutations": [
      {
        "condition": "query.block_state('minecraft:block_face') == 'north' || query.block_state('minecraft:block_face') == 'south'",
        "components": {
          "minecraft:transformation": { "rotation": [90, 0, 0] }
        }
      },
      {
        "condition": "query.block_state('minecraft:block_face') == 'east' || query.block_state('minecraft:block_face') == 'west'",
        "components": {
          "minecraft:transformation": { "rotation": [0, 0, 90] }
        }
      }
    ],
    "components": {
    	"tag:minecraft:is_axe_item_destructible": {},

      "minecraft:geometry": "minecraft:geometry.full_block",
      "minecraft:destructible_by_mining": {
        "seconds_to_destroy": 0.5
      },
      "minecraft:custom_components": ["betterend:on_player_destroy"],
      "minecraft:destructible_by_explosion": {
        "explosion_resistance": 2
      },
      "minecraft:flammable": {
        "catch_chance_modifier": 5,
        "destroy_chance_modifier": 20
      },
      "minecraft:map_color": "#B16A4A",
      "minecraft:material_instances": {
        "*": {
          "texture": "stripped_lucernia_log",
          "render_method": "opaque"
        },
        "up": {
          "texture": "stripped_lucernia_log_top",
          "render_method": "opaque"
        },
        "down": {
          "texture": "stripped_lucernia_log_top",
          "render_method": "opaque"
        }
      }
    }
  }
}
