{
    "format_version": "1.21.0",
    "minecraft:block": {
        "description": {
            "identifier": "betterend:violecite",
            "menu_category": {
                "category": "nature"
            },
            "states": {
                "betterend:biomes": [
                    "none",
                    "dust_wasteland"
                ]
            }
        },
        "permutations": [
            {
                "condition": "q.block_state('betterend:biomes') == 'none'",
                "components": {
                  "tag:none": {}
                }
              },
              {
                "condition": "q.block_state('betterend:biomes') == 'dust_wasteland'",
                "components": {
                  "tag:dust_wasteland": {}
                }
              }
        ],
        "components": {
            "tag:stone": {},
            "minecraft:flammable": false,
            "minecraft:destructible_by_explosion": {
                "explosion_resistance": 2
            },
            "minecraft:destructible_by_mining": {
                "seconds_to_destroy": 5,
                "item_specific_speeds": [
                    {
                        "destroy_speed": 0.7,
                        "item": {
                            "tags": "minecraft:is_pickaxe"
                        }
                    }
                ]
            }
        }
    }
}