{
    "format_version": "1.21.0",
    "minecraft:block": {
        "description": {
            "identifier": "betterend:fake_end_stone",
            "states": {
                "betterend:biomes": [
                    "none",
                    "crystal_mountains",
                    "megalakes_grove",
                    "dust_wasteland",
                    "neon_oasis",
                    "empty_cave",
                    "smaragdant"
                ]
            }
        },
        "permutations": [
            {
                "condition": "q.block_state('betterend:biomes') == 'none'",
                "components": {
                  "tag:none": {}
                }
              },
              {
                "condition": "q.block_state('betterend:biomes') == 'crystal_mountains'",
                "components": {
                  "tag:crystal_mountains": {}
                }
              },
              {
                "condition": "q.block_state('betterend:biomes') == 'megalakes_grove'",
                "components": {
                  "tag:megalakes_grove": {}
                }
              },
              {
                "condition": "q.block_state('betterend:biomes') == 'dust_wasteland'",
                "components": {
                  "tag:dust_wasteland": {}
                }
              },
              {
                "condition": "q.block_state('betterend:biomes') == 'neon_oasis'",
                "components": {
                  "tag:neon_oasis": {}
                }
              },
              {
                "condition": "q.block_state('betterend:biomes') == 'empty_cave'",
                "components": {
                  "tag:empty_cave": {}
                }
              },
              {
                "condition": "q.block_state('betterend:biomes') == 'smaragdant'",
                "components": {
                  "tag:smaragdant": {}
                }
              }
        ],
        "components": {
            "tag:grass": {},
            "minecraft:destructible_by_explosion": {
                "explosion_resistance": 0.5
            },
            "minecraft:destructible_by_mining": {
                "seconds_to_destroy": 1
            },
            "minecraft:flammable": false,
            "minecraft:map_color": "#fb7e00"
        }
    }
}