{
    "format_version": "1.21.0",
    "minecraft:block": {
        "description": {
            "identifier": "betterend:shadow_grass",
            "menu_category": {
                "category": "nature"
            },
            "states": {
                "betterend:biomes": [
                    "none",
                    "shadow_forest"
                ]
            }
        },
        "permutations": [
            {
                "condition": "q.block_state('betterend:biomes') == 'none'",
                "components": {
                    "tag:none": {}
                }
            },
            {
                "condition": "q.block_state('betterend:biomes') == 'shadow_forest'",
                "components": {
                    "tag:shadow_forest": {}
                }
            }
        ],
        "components": {
            "tag:grass": {},
            "minecraft:destructible_by_explosion": {
                "explosion_resistance": 0.5
            },
            "minecraft:destructible_by_mining": {
                "seconds_to_destroy": 1
            },
            "minecraft:flammable": false,
            "minecraft:map_color": "#00dcdf"
        }
    }
}