{
  "format_version": "1.21.60",
  "minecraft:block": {
    "description": {
      "identifier": "betterend:lacugrove_leaves",
      "states": {
        "betterend:decay_tier": [4, 3, 2, 1, 0],
        "betterend:should_decay": [true, false]
      }
    },
    "components": {
    	"tag:minecraft:is_sword_item_destructible": {},
    	"tag:minecraft:is_shears_item_destructible": {},
    	"tag:minecraft:is_hoe_item_destructible": {},
    	"minecraft:liquid_detection": {
						"detection_rules": [
						{
							"can_contain_liquid": true,
							"liquid_type": "water",
							"on_liquid_touches": "no_reaction"
							}
							]
							},
      "minecraft:geometry": "minecraft:geometry.full_block",
      "minecraft:destructible_by_explosion": {
        "explosion_resistance": 1
      },
      "minecraft:destructible_by_mining": {
        "seconds_to_destroy": 0.3
      },
      "minecraft:flammable": { 
				"catch_chance_modifier": 5,
				"destroy_chance_modifier": 20
			},
      "minecraft:custom_components": ["betterend:on_player_destroy", "betterend:random_tick", "betterend:leaf_place"],
      "minecraft:map_color": "#DDDDDD",
      "minecraft:light_dampening": 15,
      "minecraft:material_instances": {
        "*": {
          "texture": "lacugrove_leaves",
          "ambient_occlusion": true,
          "face_dimming": true, 
          "render_method": "alpha_test_single_sided"
        }
      }
    }
  }
}
