{
    "format_version": "1.21.50",
    "minecraft:block": {
        "description": {
            "identifier": "betterend:lacugrove_crafting_table",
            "menu_category": {
                "category": "items"
            }
        },
        "components": {
            "tag:wood": {},
            "minecraft:destructible_by_mining": {
                "seconds_to_destroy": 3
            },
            "minecraft:destructible_by_explosion": {
                "explosion_resistance": 2
            },
            "minecraft:crafting_table": {
                "crafting_tags": [
                    "crafting_table"
                ],
                "table_name": "Crafting Table"
            },
            "minecraft:flammable": {
                "catch_chance_modifier": 0.4,
                "destroy_chance_modifier": 0.4
            }
        }
    }
}