{
  "format_version": "1.21.0",
  "minecraft:scatter_feature": {
    "description": {
      "identifier": "betterend:amber_land/ore/amber_ore_scatter"
    },
    "iterations": "t.BetterEndBiome == 0 ? 2 : 0",
    "x": {
        "distribution": "uniform",
        "extent": [ 0, "t.ExtentPlant" ]
      },
    "z": {
        "distribution": "uniform",
        "extent": [ 0, "t.ExtentPlant" ]
      },
    "y": {
        "distribution": "uniform",
        "extent": [ 10, 65 ]
      },
    "places_feature": "betterend:amber_land/ore/amber_ore_feature"
  }
}
