{
  "format_version": "1.21.0",
  "minecraft:block": {
    "description": {
      "identifier": "betterend:murkweed",
      "states": {
        "betterend:random": [0, 1, 2]
      }
    },
    "permutations": [
      {
        "condition": "q.block_state('betterend:random') == 0",
        "components": {
          "minecraft:geometry": "geometry.murkweed_01"
        }
      },
      {
        "condition": "q.block_state('betterend:random') == 1",
        "components": {
          "minecraft:geometry": "geometry.murkweed_02"
        }
      },
      {
        "condition": "q.block_state('betterend:random') == 2",
        "components": {
          "minecraft:geometry": "geometry.murkweed_03"
        }
      }
    ],
    "components": {
      "minecraft:custom_components": ["betterend:shadow_index", "betterend:murkweed"],
      "minecraft:loot": "loot_tables/empty.json",
      "minecraft:tick": {
        "looping": true,
        "interval_range": [ 200, 200 ]
      },
      "minecraft:material_instances": {
        "*": {
          "texture": "murkweed",
          "render_method": "alpha_test_single_sided",
          "ambient_occlusion": false,
          "face_dimming": false
        }
      },
      "minecraft:destructible_by_explosion": true,
      "minecraft:destructible_by_mining": true,
      "minecraft:collision_box": false,
      "minecraft:placement_filter": {
        "conditions": [
          {
            "allowed_faces": [
              "up"
            ],
            "block_filter": [
              "betterend:shadow_grass"
            ]
          }
        ]
      }
    }
  }
}
