{
  "format_version": "1.21.0",
  "minecraft:block": {
    "description": {
      "identifier": "betterend:needlegrass",
      "states": {
        "betterend:random": [
          0,
          1,
          2,
          3
        ]
      }
    },
    "permutations": [
      {
        "condition": "q.block_state('betterend:random') == 0",
        "components": {
          "minecraft:material_instances": {
            "*": {
              "texture": "needlegrass1",
              "render_method": "alpha_test_single_sided",
              "ambient_occlusion": false,
              "face_dimming": false
            }
          }
        }
      },
      {
        "condition": "q.block_state('betterend:random') == 1",
        "components": {
          "minecraft:material_instances": {
            "*": {
              "texture": "needlegrass2",
              "render_method": "alpha_test_single_sided",
              "ambient_occlusion": false,
              "face_dimming": false
            }
          }
        }
      },
      {
        "condition": "q.block_state('betterend:random') == 2",
        "components": {
          "minecraft:material_instances": {
            "*": {
              "texture": "needlegrass3",
              "render_method": "alpha_test_single_sided",
              "ambient_occlusion": false,
              "face_dimming": false
            }
          }
        }
      },
      {
        "condition": "q.block_state('betterend:random') == 3",
        "components": {
          "minecraft:material_instances": {
            "*": {
              "texture": "needlegrass4",
              "render_method": "alpha_test_single_sided",
              "ambient_occlusion": false,
              "face_dimming": false
            }
          }
        }
      }
    ],
    "components": {
      "tag:offset:-12": {},
      "tag:particle:betterend:black_spore": {},
      "minecraft:custom_components": [
        "betterend:shadow_index",
        "betterend:particle_emitter"
      ],
      "minecraft:loot": "loot_tables/empty.json",
      "minecraft:tick": {
        "looping": true,
        "interval_range": [
          200,
          200
        ]
      },
      "minecraft:geometry": "geometry.random_model2",
      "minecraft:destructible_by_explosion": true,
      "minecraft:destructible_by_mining": true,
      "minecraft:collision_box": false,
      "minecraft:selection_box": {
        "origin": [
          -4,
          0,
          -3.5
        ],
        "size": [
          8,
          16,
          7
        ]
      },
      "minecraft:placement_filter": {
        "conditions": [
          {
            "allowed_faces": [
              "up"
            ],
            "block_filter": [
              "betterend:shadow_grass"
            ]
          }
        ]
      }
    }
  }
}