{
  "format_version": "1.21.0",
  "minecraft:block": {
    "description": {
      "identifier": "betterend:shadow_plant",
      "states": {
        "betterend:random": [0, 1]
      }
    },
    "permutations": [
      {
        "condition": "q.block_state('betterend:random') == 0",
        "components": {
          "minecraft:selection_box": {
            "origin": [-6.5, 0, -6.5],
            "size": [13, 11, 13]
          },
          "minecraft:geometry": "geometry.random_model1"
        }
      },
      {
        "condition": "q.block_state('betterend:random') == 1",
        "components": {
          "minecraft:selection_box": {
            "origin": [-4, 0, -4],
            "size": [8, 10, 8]
          },
          "minecraft:geometry": "geometry.random_model2"
        }
      }
    ],
    "components": {
      "minecraft:custom_components": ["betterend:shadow_index"],
      "minecraft:loot": "loot_tables/empty.json",
      "minecraft:material_instances": {
        "*": {
          "texture": "shadow_plant",
          "render_method": "alpha_test_single_sided",
          "ambient_occlusion": false,
          "face_dimming": false
        }
      },
      "minecraft:destructible_by_explosion": true,
      "minecraft:destructible_by_mining": true,
      "minecraft:collision_box": false,
      "minecraft:placement_filter": {
        "conditions": [
          {
            "allowed_faces": [
              "up"
            ],
            "block_filter": [
              "betterend:shadow_grass"
            ]
          }
        ]
      }
    }
  }
}
