{
    "format_version": "1.21.0",
    "minecraft:block": {
        "description": {
            "identifier": "betterend:shadow_berry_seed",
            "states": {
                "betterend:growth": [
                    0,
                    1,
                    2,
                    3
                ],
                "betterend:rotation": [
                    0,
                    1,
                    2,
                    3
                ]
            }
        },
        "permutations": [
            {
                "condition": "q.block_state('betterend:growth') == 0",
                "components": {
                    "minecraft:geometry": "geometry.shadow_berry_01",
                    "minecraft:selection_box": {
                        "origin": [
                            -8,
                            0,
                            -8
                        ],
                        "size": [
                            16,
                            3,
                            16
                        ]
                    }
                }
            },
            {
                "condition": "q.block_state('betterend:growth') == 1",
                "components": {
                    "minecraft:geometry": "geometry.shadow_berry_02",
                    "minecraft:selection_box": {
                        "origin": [
                            -8,
                            0,
                            -8
                        ],
                        "size": [
                            16,
                            6,
                            16
                        ]
                    }
                }
            },
            {
                "condition": "q.block_state('betterend:growth') == 2",
                "components": {
                    "minecraft:geometry": "geometry.shadow_berry_03",
                    "minecraft:selection_box": {
                        "origin": [
                            -8,
                            0,
                            -8
                        ],
                        "size": [
                            16,
                            8,
                            16
                        ]
                    }
                }
            },
            {
                "condition": "q.block_state('betterend:growth') == 3",
                "components": {
                    "minecraft:geometry": "geometry.shadow_berry_04",
                    "minecraft:selection_box": {
                        "origin": [
                            -8,
                            0,
                            -8
                        ],
                        "size": [
                            16,
                            10,
                            16
                        ]
                    }
                }
            },
            {
                "condition": "q.block_state('betterend:rotation') == 0",
                "components": {
                    "minecraft:transformation": {
                        "rotation": [
                            0,
                            0,
                            0
                        ]
                    }
                }
            },
            {
                "condition": "q.block_state('betterend:rotation') == 1",
                "components": {
                    "minecraft:transformation": {
                        "rotation": [
                            0,
                            90,
                            0
                        ]
                    }
                }
            },
            {
                "condition": "q.block_state('betterend:rotation') == 2",
                "components": {
                    "minecraft:transformation": {
                        "rotation": [
                            0,
                            180,
                            0
                        ]
                    }
                }
            },
            {
                "condition": "q.block_state('betterend:rotation') == 3",
                "components": {
                    "minecraft:transformation": {
                        "rotation": [
                            0,
                            -90,
                            0
                        ]
                    }
                }
            }
        ],
        "components": {
            "minecraft:custom_components": [
                "betterend:shadow_berry_seed"
            ],
            "minecraft:loot": "loot_tables/empty.json",
            "minecraft:destructible_by_explosion": true,
            "minecraft:destructible_by_mining": true,
            "minecraft:collision_box": false,
            "minecraft:material_instances": {
                "*": {
                    "texture": "shadow_berry",
                    "render_method": "alpha_test_single_sided",
                    "ambient_occlusion": false, 
                    "face_dimming": false      
                }
            },
            "minecraft:placement_filter": {
                "conditions": [
                    {
                        "allowed_faces": [
                            "up"
                        ],
                        "block_filter": [
                            "betterend:shadow_grass"
                        ]
                    }
                ]
            }
        }
    }
}
