{
  "format_version": "1.20.80",
  "minecraft:block": {
    "description": {
      "identifier": "betterend:dragon_tree_log",
      "states": {
        "betterend:random": [
          0,
          1,
          2,
          3
        ]
      },
      "traits": {
        "minecraft:placement_position": {
          "enabled_states": [
            "minecraft:block_face"
          ]
        }
      }
    },
    "permutations": [
      {
        "condition": "q.block_state('betterend:random') == 0",
        "components": {
          "minecraft:material_instances": {
            "*": {
              "texture": "dragon_tree_log_side1",
              "render_method": "opaque"
            },
            "up": {
              "texture": "dragon_tree_log_top",
              "render_method": "opaque"
            },
            "down": {
              "texture": "dragon_tree_log_top",
              "render_method": "opaque"
            }
          }
        }
      },
      {
        "condition": "q.block_state('betterend:random') == 1",
        "components": {
          "minecraft:material_instances": {
            "*": {
              "texture": "dragon_tree_log_side2",
              "render_method": "opaque"
            },
            "up": {
              "texture": "dragon_tree_log_top",
              "render_method": "opaque"
            },
            "down": {
              "texture": "dragon_tree_log_top",
              "render_method": "opaque"
            }
          }
        }
      },
      {
        "condition": "q.block_state('betterend:random') == 2",
        "components": {
          "minecraft:material_instances": {
            "*": {
              "texture": "dragon_tree_log_side3",
              "render_method": "opaque"
            },
            "up": {
              "texture": "dragon_tree_log_top",
              "render_method": "opaque"
            },
            "down": {
              "texture": "dragon_tree_log_top",
              "render_method": "opaque"
            }
          }
        }
      },
      {
        "condition": "q.block_state('betterend:random') == 3",
        "components": {
          "minecraft:material_instances": {
            "*": {
              "texture": "dragon_tree_log_side4",
              "render_method": "opaque"
            },
            "up": {
              "texture": "dragon_tree_log_top",
              "render_method": "opaque"
            },
            "down": {
              "texture": "dragon_tree_log_top",
              "render_method": "opaque"
            }
          }
        }
      },
      {
        "condition": "query.block_state('minecraft:block_face') == 'north' || query.block_state('minecraft:block_face') == 'south'",
        "components": {
          "minecraft:transformation": {
            "rotation": [
              90,
              0,
              0
            ]
          }
        }
      },
      {
        "condition": "query.block_state('minecraft:block_face') == 'east' || query.block_state('minecraft:block_face') == 'west'",
        "components": {
          "minecraft:transformation": {
            "rotation": [
              0,
              0,
              90
            ]
          }
        }
      }
    ],
    "components": {
      "tag:minecraft:is_axe_item_destructible": {},
      "minecraft:geometry": "minecraft:geometry.full_block",
      "minecraft:destructible_by_mining": {
        "seconds_to_destroy": 0.5
      },
      "minecraft:custom_components": [
        "betterend:interact_tree",
        "betterend:on_player_destroy",
        "betterend:shadow_index"
      ],
      "minecraft:destructible_by_explosion": {
        "explosion_resistance": 2
      },
      "minecraft:flammable": {
        "catch_chance_modifier": 5,
        "destroy_chance_modifier": 20
      },
      "minecraft:map_color": "#B16A4A"
    }
  }
}