{
    "format_version": "1.21.50",
    "minecraft:block": {
        "description": {
            "identifier": "betterend:dragon_tree_ladder",
            "traits": {
                "minecraft:placement_direction": {
                    "enabled_states": [
                        "minecraft:cardinal_direction"
                    ],
                    "y_rotation_offset": 180
                }
            }
        },
        "permutations": [
            {
                "condition": "q.block_state('minecraft:cardinal_direction') == 'north'",
                "components": {
                    "minecraft:transformation": {
                        "rotation": [
                            0,
                            0,
                            0
                        ]
                    }
                }
            },
            {
                "condition": "q.block_state('minecraft:cardinal_direction') == 'west'",
                "components": {
                    "minecraft:transformation": {
                        "rotation": [
                            0,
                            90,
                            0
                        ]
                    }
                }
            },
            {
                "condition": "q.block_state('minecraft:cardinal_direction') == 'south'",
                "components": {
                    "minecraft:transformation": {
                        "rotation": [
                            0,
                            180,
                            0
                        ]
                    }
                }
            },
            {
                "condition": "q.block_state('minecraft:cardinal_direction') == 'east'",
                "components": {
                    "minecraft:transformation": {
                        "rotation": [
                            0,
                            -90,
                            0
                        ]
                    }
                }
            }
        ],
        "components": {
            "tag:betterend:can_climb": {},
            "tag:wood": {},
            "minecraft:placement_filter": {
                "conditions": [
                    {
                        "allowed_faces": [
                            "side"
                        ]
                    }
                ]
            },
            "minecraft:liquid_detection": {
                "detection_rules": [
                    {
                        "can_contain_liquid": true,
                        "liquid_type": "water",
                        "on_liquid_touches": "popped"
                    }
                ]
            },
            "minecraft:destructible_by_explosion": true,
            "minecraft:destructible_by_mining": {
                "seconds_to_destroy": 2
            },
            "minecraft:geometry": "geometry.custom_ladder",
            "minecraft:material_instances": {
                "*": {
                    "texture": "dragon_tree_ladder",
                    "render_method": "alpha_test_single_sided",
                    "ambient_occlusion": true,
                    "face_dimming": true
                }
            },
            "minecraft:collision_box": {
                "origin": [
                    -8,
                    0,
                    6
                ],
                "size": [
                    16,
                    16,
                    2
                ]
            },
            "minecraft:selection_box": {
                "origin": [
                    -8,
                    0,
                    6
                ],
                "size": [
                    16,
                    16,
                    2
                ]
            }
        }
    }
}