{
  "format_version": "1.20.80",
  "minecraft:block": {
    "description": {
      "identifier": "betterend:jellyshroom_planks"
    },
    "components": {
    	"tag:minecraft:is_axe_item_destructible": {},
      "minecraft:geometry": "minecraft:geometry.full_block",
      "minecraft:destructible_by_mining": {
        "seconds_to_destroy": 0.5
      },
      "minecraft:destructible_by_explosion": {
        "explosion_resistance": 2
      },
      "minecraft:flammable": {
        "catch_chance_modifier": 5,
        "destroy_chance_modifier": 20
      },
      "minecraft:custom_components": ["betterend:on_player_destroy"],
      "minecraft:map_color": "#B16A4A",
      "minecraft:material_instances": {
        "*": {
          "texture": "planks_jellyshroom",
          "render_method": "opaque"
        }
      }
    }
  }
}
