{
    "format_version": "1.21.60",
    "minecraft:block": {
      "description": {
        "identifier": "betterend:jellyshroom_trapdoor",
        "traits": {
          "minecraft:placement_position": {
            "enabled_states": ["minecraft:vertical_half"]
          },
          "minecraft:placement_direction": {
            "enabled_states": ["minecraft:cardinal_direction"]
          }
        },
        "states": {
          "betterend:open": [false, true],
          "betterend:waterlogged": [true, false],
          "betterend:powered": [false, true]
        }
      },
      "permutations": [
        {
          "condition": "q.block_state('minecraft:vertical_half') == 'top' && q.block_state('minecraft:cardinal_direction') == 'north' && !q.block_state('betterend:open')",
          "components": {
            "minecraft:transformation": { "rotation": [0, 0, 180] }
          }
        },
        {
          "condition": "q.block_state('minecraft:vertical_half') == 'top' && q.block_state('minecraft:cardinal_direction') == 'south' && !q.block_state('betterend:open')",
          "components": {
            "minecraft:transformation": { "rotation": [180, 0, 0] }
          }
        },
        {
          "condition": "q.block_state('minecraft:vertical_half') == 'top' && q.block_state('minecraft:cardinal_direction') == 'east' && !q.block_state('betterend:open')",
          "components": {
            "minecraft:transformation": { "rotation": [180, -270, 0] }
          }
        },
        {
          "condition": "q.block_state('minecraft:vertical_half') == 'top' && q.block_state('minecraft:cardinal_direction') == 'west' && !q.block_state('betterend:open')",
          "components": {
            "minecraft:transformation": { "rotation": [180, 270, 0] }
          }
        },
        {
          "condition": "q.block_state('minecraft:vertical_half') == 'top' && q.block_state('minecraft:cardinal_direction') == 'north' && q.block_state('betterend:open')",
          "components": {
            "minecraft:transformation": { "rotation": [-270, 0, 0] }
          }
        },
        {
          "condition": "q.block_state('minecraft:vertical_half') == 'top' && q.block_state('minecraft:cardinal_direction') == 'south' && q.block_state('betterend:open')",
          "components": {
            "minecraft:transformation": { "rotation": [270, 0, -180] }
          }
        },
        {
          "condition": "q.block_state('minecraft:vertical_half') == 'top' && q.block_state('minecraft:cardinal_direction') == 'east' && q.block_state('betterend:open')",
          "components": {
            "minecraft:transformation": { "rotation": [0, 270, 90] }
          }
        },
        {
          "condition": "q.block_state('minecraft:vertical_half') == 'top' && q.block_state('minecraft:cardinal_direction') == 'west' && q.block_state('betterend:open')",
          "components": {
            "minecraft:transformation": {
              "rotation": [180, -270, -270]
            }
          }
        },
        {
          "condition": "q.block_state('minecraft:vertical_half') == 'bottom' && q.block_state('minecraft:cardinal_direction') == 'north' && !q.block_state('betterend:open')",
          "components": {
            "minecraft:transformation": { "rotation": [0, 0, 0] }
          }
        },
        {
          "condition": "q.block_state('minecraft:vertical_half') == 'bottom' && q.block_state('minecraft:cardinal_direction') == 'south' && !q.block_state('betterend:open')",
          "components": {
            "minecraft:transformation": { "rotation": [0, 180, 0] }
          }
        },
        {
          "condition": "q.block_state('minecraft:vertical_half') == 'bottom' && q.block_state('minecraft:cardinal_direction') == 'east' && !q.block_state('betterend:open')",
          "components": {
            "minecraft:transformation": { "rotation": [0, 270, 0] }
          }
        },
        {
          "condition": "q.block_state('minecraft:vertical_half') == 'bottom' && q.block_state('minecraft:cardinal_direction') == 'west' && !q.block_state('betterend:open')",
          "components": {
            "minecraft:transformation": { "rotation": [0, -270, 0] }
          }
        },
        {
          "condition": "q.block_state('minecraft:vertical_half') == 'bottom' && q.block_state('minecraft:cardinal_direction') == 'north' && q.block_state('betterend:open')",
          "components": {
            "minecraft:transformation": { "rotation": [90, 0, 180] }
          }
        },
        {
          "condition": "q.block_state('minecraft:vertical_half') == 'bottom' && q.block_state('minecraft:cardinal_direction') == 'south' && q.block_state('betterend:open')",
          "components": {
            "minecraft:transformation": { "rotation": [270, 0, 0] }
          }
        },
        {
          "condition": "q.block_state('minecraft:vertical_half') == 'bottom' && q.block_state('minecraft:cardinal_direction') == 'east' && q.block_state('betterend:open')",
          "components": {
            "minecraft:transformation": { "rotation": [0, -270, 90] }
          }
        },
        {
          "condition": "q.block_state('minecraft:vertical_half') == 'bottom' && q.block_state('minecraft:cardinal_direction') == 'west' && q.block_state('betterend:open')",
          "components": {
            "minecraft:transformation": { "rotation": [180, 270, -270] }
          }
        }
      ],
      "components": {
      	"minecraft:redstone_conductivity": {
				"redstone_conductor": true
			},
            "minecraft:tick": {
                "looping": true,
                "interval_range": [ 4, 4 ]
            },
      	"tag:minecraft:is_axe_item_destructible": {},
      	"minecraft:liquid_detection": {
						"detection_rules": [
						{
							"can_contain_liquid": true,
							"liquid_type": "water",
							"on_liquid_touches": "no_reaction"
							}
							]
							},
        "minecraft:collision_box": {
          "origin": [-8, 0, -8],
          "size": [16, 3, 16]
        },
        "minecraft:selection_box": {
          "origin": [-8, 0, -8],
          "size": [16, 3, 16]
        },
        "minecraft:destructible_by_mining": {
            "seconds_to_destroy": 0.5
        },
        "minecraft:flammable": { 
				"catch_chance_modifier": 5,
				"destroy_chance_modifier": 20
			},
        "minecraft:geometry": "geometry.trapdoor",
        "minecraft:material_instances": {
          "*": {
            "texture": "jellyshroom_trapdoor",
            "render_method": "alpha_test"
          }
        },
        "minecraft:custom_components": ["betterend:TD_interact"]
      }
    }
  }
  