{
    "format_version": "1.21.0",
    "minecraft:block": {
        "description": {
            "identifier": "betterend:flammalix",
            "states": {
                "betterend:random": [
                    0,
                    1,
                    2,
                    3
                ]
            }
        },
        "permutations": [
            {
                "condition": "q.block_state('betterend:random') == 0",
                "components": {
                    "minecraft:selection_box": {
                        "origin": [
                            -6.5,
                            0,
                            -6.5
                        ],
                        "size": [
                            13,
                            11,
                            13
                        ]
                    },
                    "minecraft:geometry": "geometry.flammalix_1"
                }
            },
            {
                "condition": "q.block_state('betterend:random') == 1",
                "components": {
                    "minecraft:selection_box": {
                        "origin": [
                            -4,
                            0,
                            -4
                        ],
                        "size": [
                            8,
                            10,
                            8
                        ]
                    },
                    "minecraft:geometry": "geometry.flammalix_2"
                }
            },
            {
                "condition": "q.block_state('betterend:random') == 2",
                "components": {
                    "minecraft:selection_box": {
                        "origin": [
                            -4,
                            0,
                            -4
                        ],
                        "size": [
                            8,
                            10,
                            8
                        ]
                    },
                    "minecraft:geometry": "geometry.flammalix_3"
                }
            },
            {
                "condition": "q.block_state('betterend:random') == 3",
                "components": {
                    "minecraft:selection_box": {
                        "origin": [
                            -4,
                            0,
                            -4
                        ],
                        "size": [
                            8,
                            10,
                            8
                        ]
                    },
                    "minecraft:geometry": "geometry.flammalix_4"
                }
            }
        ],
        "components": {
            "minecraft:custom_components": [
                "betterend:umbra_index"
            ],
            "minecraft:loot": "loot_tables/empty.json",
            "minecraft:material_instances": {
                "*": {
                    "texture": "flammalix",
                    "render_method": "alpha_test",
                    "ambient_occlusion": false,
                    "face_dimming": false
                }
            },
            "minecraft:destructible_by_explosion": true,
            "minecraft:destructible_by_mining": true,
            "minecraft:collision_box": false,
            "minecraft:placement_filter": {
                "conditions": [
                    {
                        "allowed_faces": [
                            "up"
                        ],
                        "block_filter": [
                            "betterend:pallidium_full",
                            "betterend:pallidium_heavy",
                            "betterend:pallidium_thin",
                            "betterend:pallidium_tiny"
                        ]
                    }
                ]
            }
        }
    }
}