{
    "format_version": "1.21.0",
    "minecraft:block": {
        "description": {
            "identifier": "betterend:rutiscus",
            "menu_category": {
                "category": "nature"
            },
            "states": {
                "betterend:biomes": [
                    "none",
                    "dry_shrubland",
                    "lantern_woods"
                ]
            }
        },
        "permutations": [
            {
                "condition": "q.block_state('betterend:biomes') == 'none'",
                "components": {
                    "tag:none": {}
                }
            },
            {
                "condition": "q.block_state('betterend:biomes') == 'dry_shrubland'",
                "components": {
                    "tag:dry_shrubland": {}
                }
            },
            {
                "condition": "q.block_state('betterend:biomes') == 'lantern_woods'",
                "components": {
                    "tag:dry_shrubland": {}
                }
            }
        ],
        "components": {
            "tag:grass": {},
            "minecraft:destructible_by_explosion": {
                "explosion_resistance": 0.5
            },
            "minecraft:destructible_by_mining": {
                "seconds_to_destroy": 1
            },
            "minecraft:flammable": false,
            "minecraft:map_color": "#ac00ba"
        }
    }
}