{
  "format_version": "1.21.0",
  "minecraft:scatter_feature": {
    "description": {
      "identifier": "betterend:blossoming_spire/blossom_berry_seed_scatter_feature"
    },
    "iterations": "return 2 * t.SizePlant;",
    "coordinate_eval_order": "zyx",
    "x": {
      "extent": [ "-t.SizePlant/2", "t.SizePlant/2" ],
      "distribution": "triangle"
    },
    "z": {
      "extent": [ "-t.SizePlant/2", "t.SizePlant/2" ],
      "distribution": "triangle"
    },
    "y": "q.heightmap(v.worldx, v.worldz)",
    "places_feature": "betterend:blossoming_spire/blossom_berry_seed_single_block_feature"
  }
}