{
  "format_version": "1.21.0",
  "minecraft:scatter_feature": {
    "description": {
      "identifier": "betterend:blossoming_spire/bushy_grass_scatter_feature"
    },
    "iterations": "return 8 * t.SizePlant;",
    "x": {
      "extent": [ "-t.SizePlant", "t.SizePlant" ],
      "distribution": "triangle"
    },
    "z": {
      "extent": [ "-t.SizePlant", "t.SizePlant" ],
      "distribution": "triangle"
    },
    "y": "q.heightmap(v.worldx, v.worldz)",
    "places_feature": "betterend:blossoming_spire/bushy_grass_single_block_feature"
  }
}
