{
  "format_version": "1.21.0",
  "minecraft:vegetation_patch_feature": {
    "description": {
	"identifier": "betterend:blossoming_spire/bush/tenanea_bush_vegetation_patch_feature"
    },
    "replaceable_blocks": [
      "minecraft:air"
    ],
	"vegetation_feature": "betterend:blossoming_spire/bush/tenanea_bush_weighted_random_feature", 
	"ground_block": {
      "name": "betterend:pink_moss",
      "states": {
        "betterend:biomes": "blossoming_spires"
      }
    }, 
    "vegetation_chance": 0.07,
	"surface": "floor",
	"extra_edge_column_chance": 1, 
	"depth": 1,
	"vertical_range": 4,
	"horizontal_radius": { "range_min": 4, "range_max": 6 }
 }
}