{
    "format_version": "1.21.0",
    "minecraft:weighted_random_feature": {
        "description": {
            "identifier": "betterend:blossoming_spire/bush/tenanea_bush_weighted_random_feature"
        },
        "features": [
            ["betterend:blossoming_spire/bush/tenanea_bush_1_structure_template_feature", 1],
            ["betterend:blossoming_spire/bush/tenanea_bush_2_structure_template_feature", 1], 
            ["betterend:blossoming_spire/bush/tenanea_bush_3_structure_template_feature", 1]
        ]
    }
}