{
  "format_version": "1.21.0",
  "minecraft:scatter_feature": {
    "description": {
      "identifier": "betterend:blossoming_spire/bush/tenanea_bush_scatter_feature"
    },
    "iterations": 0.5,
    "scatter_chance": 20.0, 
    "x": {
        "distribution": "uniform",
        "extent": [ 0, "t.ExtentPlant" ]
      },
    "z": {
        "distribution": "uniform",
        "extent": [ 0, "t.ExtentPlant" ]
      },
    "y": "q.heightmap(v.worldx, v.worldz)",
    "places_feature": "betterend:blossoming_spire/bush/tenanea_bush_vegetation_patch_feature"
  }
}
